"","TS_Bucket","Date","Bucket","weekday","actuals","active","ScheduledbutNeverCame","Camebutneverscheduled","ScheduledTodayCameToday","sameBucket","previousBucket","laterBucket","ScheduledTodaycamelater","ScheduledTodayCameYesterday","CameTodayScheduledEarlier","CameTodayScheduledLater","LTE_minus2_Early","minus1_Early","On_Time","Plus1_Delay","Plus2_Delay","Plus3_Delay","Plus4_Delay","GTE_Plus5_Delay","LTE_minus2_Pre","Pre_minus1_Pre","Plus1_Post","Plus2_Post","Plus3_Post","Plus4_Post","GTE_Plus5_Post","TYPE_A","TYPE_H","TYPE_O","TYPE_Q","TYPE_S","TYPE_V","TYPE_Z","SYM_4","SYM_BARBEL","SYM_BARGAL","SYM_BARTEA","SYM_BARTOP","SYM_BARTUL","SYM_LACALT","SYM_LACATG","SYM_LACAUG","SYM_LACCHI","SYM_LACCXB","SYM_LACLPK","SYM_LACMEM","SYM_LACNSA","SYM_LACNWO","SYM_LACNYC","SYM_LACPEA","SYM_LACSTL","SYM_LACWSP","SYM_LBACLO","SYM_LBALPC","SYM_LBPLPC","SYM_LBTCLO","SYM_LBTLPC","SYM_LHAALT","SYM_LHACLO","SYM_LHALPC","SYM_LHTCLO","SYM_LHTLDR","SYM_LHTLPC","SYM_LHWCLO","SYM_LHWLPC","SYM_NBYWSP","SYM_OIGPEA","SYM_RICALT","SYM_SBDALT","SYM_SBDATG","SYM_SBDCHI","SYM_SBDWSP","SYM_SDGCLO","SYM_STOATG","SYM_STOCHI","SYM_STOWSP","PRTY_A","PRTY_K","PRTY_L","SECT_1","SECT_2","SECT_6","SECT_7","SECT_8","SECT_9","Transit_Bucket_2B","Transit_Bucket_3B","Transit_Bucket_4B","Transit_Bucket_5B","Transit_Bucket_6B","Transit_Bucket_GT7B"
"1",2017-04-26 04:00:00,2017-04-26,"BUCKET_00_04","Wednesday",4,7,4,3,3,1,2,0,0,0,0,0,0,0,1,1,1,0,0,0,0,0,0,0,0,0,0,1,0,0,1,0,0,1,1,0,0,0,0,0,0,1,0,0,0,0,0,0,0,0,0,0,0,0,0,0,0,0,0,0,0,0,0,0,0,0,0,0,0,0,1,0,0,0,0,0,0,1,0,2,1,0,1,1,0,0,1,3,0,0,0,0
"2",2017-05-05 04:00:00,2017-05-05,"BUCKET_00_04","Friday",12,9,2,3,6,6,0,0,0,1,2,1,0,1,6,0,0,0,0,0,0,1,1,0,1,0,0,1,0,0,4,0,0,2,1,0,0,0,0,0,1,1,0,1,0,0,0,0,0,0,0,0,1,0,0,0,0,0,0,0,0,0,0,0,0,0,0,0,0,0,1,1,0,0,0,0,0,1,0,6,1,1,4,1,0,0,1,11,0,0,0,0
"3",2017-05-03 04:00:00,2017-05-03,"BUCKET_00_04","Wednesday",4,5,1,1,4,3,1,0,0,0,0,0,0,0,3,0,0,1,0,0,0,0,0,0,0,0,0,1,0,0,2,0,0,1,1,0,0,0,0,0,1,1,0,0,0,0,0,0,0,0,0,0,0,0,0,0,0,0,0,0,0,0,0,0,0,0,0,0,0,0,1,0,0,0,0,0,0,1,0,3,1,0,2,1,0,0,1,2,0,0,0,1
"4",2017-05-12 04:00:00,2017-05-12,"BUCKET_00_04","Friday",8,8,2,0,6,5,1,0,0,0,3,0,0,0,5,1,0,0,0,0,0,0,1,1,1,0,0,1,0,0,3,0,0,2,1,0,0,0,0,0,1,1,0,1,0,0,0,0,0,0,0,0,1,0,0,0,0,0,0,0,0,0,0,0,0,0,0,0,0,0,1,0,0,0,0,0,0,1,0,5,1,1,3,1,0,0,1,3,4,0,0,0
"5",2017-05-10 04:00:00,2017-05-10,"BUCKET_00_04","Wednesday",6,4,0,2,3,3,0,0,0,1,1,0,0,1,3,0,0,0,0,0,0,0,1,0,0,0,0,1,0,0,2,0,0,1,1,0,0,0,0,0,1,1,0,0,0,0,0,0,0,0,0,0,0,0,0,0,0,0,0,0,0,0,0,0,0,0,0,0,0,0,1,0,0,0,0,0,0,1,0,3,1,0,2,1,0,0,1,4,0,0,0,1
"6",2017-04-29 04:00:00,2017-04-29,"BUCKET_00_04","Saturday",7,14,5,3,9,2,7,0,0,0,2,0,0,0,2,6,0,0,1,0,0,0,0,1,0,0,1,1,0,0,4,1,0,3,1,0,0,0,0,0,1,1,0,1,0,0,0,0,0,0,1,0,1,0,0,0,0,0,0,0,0,0,1,0,0,0,1,0,0,0,1,0,0,0,0,0,0,2,0,7,3,1,3,2,0,0,1,4,2,0,0,0
"7",2017-04-27 04:00:00,2017-04-27,"BUCKET_00_04","Thursday",7,8,2,3,5,2,3,0,0,1,1,1,0,1,2,2,1,0,0,0,0,1,0,1,0,0,0,1,0,0,3,1,0,1,1,0,0,0,0,0,1,1,0,0,0,0,0,0,0,0,0,0,0,0,0,0,0,1,0,0,0,0,0,0,0,0,0,0,0,0,1,1,0,0,0,0,0,1,1,4,2,0,3,1,0,0,1,3,2,0,1,0
"8",2017-05-06 04:00:00,2017-05-06,"BUCKET_00_04","Saturday",7,13,6,2,7,5,2,0,0,0,0,0,0,0,5,1,1,0,0,0,0,0,0,0,0,0,0,1,0,0,2,1,0,3,1,0,0,0,0,0,1,1,0,0,0,0,0,0,0,0,0,0,1,0,0,0,0,0,0,0,0,0,0,1,0,0,1,0,0,0,1,0,0,0,0,0,0,1,0,6,2,0,3,2,0,0,1,5,1,0,0,0
"9",2017-05-04 04:00:00,2017-05-04,"BUCKET_00_04","Thursday",10,7,3,3,4,4,0,0,0,0,2,1,0,0,4,0,0,0,0,0,1,0,1,0,0,1,0,1,0,0,2,0,0,1,1,0,0,0,0,0,1,0,0,0,0,0,0,0,0,0,0,0,0,0,0,0,0,0,0,0,0,0,0,0,0,0,0,0,0,0,1,1,0,0,0,0,0,1,0,3,1,0,2,1,0,0,2,4,2,0,0,2
"10",2017-05-13 04:00:00,2017-05-13,"BUCKET_00_04","Saturday",10,9,2,2,6,6,0,0,1,0,1,1,0,0,6,0,0,0,0,1,0,1,1,0,0,0,0,1,0,0,2,1,0,3,1,0,0,0,0,0,1,1,0,0,0,0,0,0,0,0,0,0,1,0,0,0,0,0,0,0,0,0,1,0,0,0,1,0,0,0,1,0,0,0,0,0,0,1,0,6,2,0,3,2,0,0,1,9,0,0,0,0
"11",2017-05-11 04:00:00,2017-05-11,"BUCKET_00_04","Thursday",10,5,1,3,4,4,0,0,0,0,3,0,0,0,4,0,0,0,0,0,0,0,2,0,0,1,0,1,0,0,2,0,0,1,1,0,0,0,0,0,1,1,0,0,0,0,0,0,0,0,0,0,0,0,0,0,0,0,0,0,0,0,0,0,0,0,0,0,0,0,1,0,0,0,0,0,0,1,0,3,1,0,2,1,0,0,1,3,4,0,1,1
"12",2017-04-30 04:00:00,2017-04-30,"BUCKET_00_04","Sunday",9,11,2,1,7,5,2,0,0,2,1,2,0,2,5,1,1,0,0,0,0,2,0,0,0,0,1,1,0,0,4,1,0,3,1,0,0,0,0,0,1,1,0,0,0,0,0,0,0,0,1,0,1,0,0,0,0,0,0,0,0,0,0,1,0,0,1,0,0,0,1,1,0,0,0,0,0,2,0,7,3,0,4,2,0,0,3,4,1,0,1,0
"13",2017-04-28 04:00:00,2017-04-28,"BUCKET_00_04","Friday",13,13,3,2,7,6,1,0,1,2,3,2,1,1,6,1,0,0,0,1,1,1,0,2,1,0,0,1,0,0,4,2,0,3,1,0,0,0,0,0,1,1,0,0,0,0,0,0,0,0,1,0,1,0,1,0,0,0,0,1,0,0,0,0,0,0,1,0,0,0,1,1,0,0,0,0,0,3,1,6,4,0,4,1,0,1,1,8,1,2,0,1
"14",2017-05-07 04:00:00,2017-05-07,"BUCKET_00_04","Sunday",8,8,1,3,6,5,1,0,0,1,0,0,0,1,5,0,1,0,0,0,0,0,0,0,0,0,0,1,0,0,3,0,0,3,1,0,0,0,0,0,1,1,0,0,0,0,0,0,0,0,0,0,1,0,0,0,0,0,0,0,0,0,0,0,0,0,1,0,0,0,1,1,0,0,0,0,0,1,0,6,1,0,4,2,0,0,1,7,0,0,0,0
"15",2017-05-16 04:00:00,2017-05-16,"BUCKET_00_04","Tuesday",4,5,1,1,3,2,1,0,1,0,0,1,0,0,2,0,0,0,0,2,0,1,0,0,0,0,0,1,0,0,0,2,0,1,1,0,0,0,0,0,0,0,0,0,0,0,0,0,0,0,0,0,0,0,0,0,0,0,0,0,0,1,0,1,0,0,0,0,0,0,1,0,0,0,0,0,0,2,0,2,3,0,0,1,0,0,1,2,0,0,0,1
"16",2017-05-14 04:00:00,2017-05-14,"BUCKET_00_04","Sunday",6,8,1,0,6,5,1,0,0,1,1,0,0,1,5,1,0,0,0,0,0,0,0,0,0,0,1,1,0,0,2,0,0,4,1,0,0,0,0,0,1,1,0,0,0,0,0,0,0,0,0,0,1,0,0,0,0,0,0,0,0,0,0,0,0,0,1,0,0,0,1,0,1,0,0,0,0,1,0,6,1,0,3,2,1,0,2,4,0,0,0,0
"17",2017-05-23 04:00:00,2017-05-23,"BUCKET_00_04","Tuesday",6,7,3,3,3,2,1,0,1,0,1,0,0,0,2,0,0,0,1,1,0,0,0,1,0,0,0,1,0,0,0,2,0,1,1,0,0,0,0,0,0,0,0,0,0,0,0,0,0,0,0,0,0,0,0,0,0,0,0,1,0,1,0,0,0,0,0,0,0,0,1,0,0,0,0,0,0,3,0,1,3,0,0,1,0,0,3,1,1,1,0,0
"18",2017-05-01 04:00:00,2017-05-01,"BUCKET_00_04","Monday",7,7,4,4,2,1,1,0,0,1,1,1,0,1,1,1,0,0,0,0,0,1,0,1,0,0,0,1,0,0,1,1,0,0,1,0,0,0,0,0,0,0,0,0,0,0,0,0,0,0,0,0,0,0,0,0,0,0,0,0,0,0,0,1,0,0,0,0,0,0,0,1,0,0,0,0,0,1,0,2,2,0,1,0,0,0,1,2,3,1,0,0
"19",2017-05-21 04:00:00,2017-05-21,"BUCKET_00_04","Sunday",11,11,2,0,7,5,2,0,0,2,4,2,0,2,5,1,1,0,0,0,0,2,1,0,1,1,1,1,0,0,3,1,0,4,1,0,0,0,0,0,1,1,0,0,0,0,0,0,0,0,0,0,1,0,0,0,0,1,0,0,0,0,0,0,0,0,1,0,0,0,1,1,1,0,0,0,0,1,0,8,2,0,4,2,1,0,1,10,0,0,0,0
"20",2017-05-08 04:00:00,2017-05-08,"BUCKET_00_04","Monday",3,5,2,0,1,1,0,0,1,1,0,2,0,1,1,0,0,0,0,1,1,1,0,0,0,0,0,1,0,0,1,1,0,0,1,0,0,0,0,0,0,0,0,0,0,0,0,0,0,0,0,0,0,0,0,0,0,0,0,0,0,0,0,1,0,0,0,0,0,0,0,1,0,0,0,0,0,1,0,2,2,0,1,0,0,0,1,0,2,0,0,0
"21",2017-05-17 04:00:00,2017-05-17,"BUCKET_00_04","Wednesday",6,5,0,2,3,2,1,0,0,2,2,0,0,2,2,1,0,0,0,0,0,0,0,1,0,0,1,1,0,0,3,0,0,1,1,0,0,0,0,0,1,1,0,0,0,0,0,0,0,0,0,0,0,0,0,0,0,0,0,0,0,0,0,0,0,0,0,0,0,0,1,1,0,0,0,0,0,1,0,4,1,0,3,1,0,0,1,2,3,0,0,0
"22",2017-05-15 04:00:00,2017-05-15,"BUCKET_00_04","Monday",7,5,2,1,3,2,1,0,0,0,2,2,0,0,2,0,0,0,0,1,1,1,1,1,0,0,0,1,0,0,1,1,0,0,1,0,0,0,0,0,0,0,0,0,0,0,0,0,0,0,0,0,0,0,0,0,0,0,0,0,0,0,0,1,0,0,0,0,0,0,0,1,0,0,0,0,0,1,0,2,2,0,1,0,0,0,1,1,2,0,3,0
"23",2017-05-24 04:00:00,2017-05-24,"BUCKET_00_04","Wednesday",8,7,0,2,5,4,1,0,1,1,2,0,0,1,4,0,0,0,0,2,0,0,0,2,0,0,0,1,0,0,3,2,0,1,1,0,0,0,0,0,1,1,0,0,0,0,0,0,0,0,0,0,0,0,0,0,0,1,1,0,0,0,0,0,0,0,0,0,0,0,1,1,0,0,0,0,0,2,1,4,3,0,3,1,0,0,1,2,1,3,1,0
"24",2017-05-02 04:00:00,2017-05-02,"BUCKET_00_04","Tuesday",4,7,5,0,2,2,0,0,0,0,0,2,0,0,2,0,0,0,0,0,1,1,0,0,0,0,0,1,0,0,0,0,0,1,1,0,0,0,0,0,0,0,0,0,0,0,0,0,0,0,0,0,0,0,0,0,0,0,0,0,0,0,0,0,0,0,0,0,0,0,1,0,0,0,0,0,0,1,0,1,1,0,0,1,0,0,1,3,0,0,0,0
"25",2017-05-22 04:00:00,2017-05-22,"BUCKET_00_04","Monday",6,7,5,5,1,1,0,0,0,1,0,0,0,1,1,0,0,0,0,0,0,0,0,0,0,0,0,1,0,0,1,0,0,0,1,0,0,0,0,0,0,0,0,0,0,0,0,0,0,0,0,0,0,0,0,0,0,0,0,0,0,0,0,0,0,0,0,0,0,0,0,1,0,0,0,0,0,1,0,1,1,0,1,0,0,0,1,2,1,2,0,0
"26",2017-05-09 04:00:00,2017-05-09,"BUCKET_00_04","Tuesday",7,5,2,2,2,2,0,0,1,0,1,2,0,0,2,0,0,0,0,1,2,0,0,0,1,0,0,1,0,0,0,1,0,1,1,0,0,0,0,0,0,0,0,0,0,0,0,0,0,0,0,0,0,0,0,0,0,0,0,0,0,0,0,1,0,0,0,0,0,0,1,0,0,0,0,0,0,1,0,2,2,0,0,1,0,0,1,2,3,0,1,0
"27",2017-05-18 04:00:00,2017-05-18,"BUCKET_00_04","Thursday",12,5,1,4,4,4,0,0,0,0,3,1,0,0,4,0,0,0,0,0,0,1,1,2,0,0,0,1,0,0,2,0,0,1,1,0,0,0,0,0,1,1,0,0,0,0,0,0,0,0,0,0,0,0,0,0,0,0,0,0,0,0,0,0,0,0,0,0,0,0,1,0,0,0,0,0,0,1,0,3,1,0,2,1,0,0,1,3,8,0,0,0
"28",2017-05-25 04:00:00,2017-05-25,"BUCKET_00_04","Thursday",8,9,4,3,5,4,1,0,0,0,1,0,0,0,4,0,0,1,0,0,0,0,0,0,1,0,0,1,0,0,3,0,0,1,1,0,0,0,0,0,1,1,0,0,0,0,0,0,0,0,0,0,0,0,0,0,0,0,0,0,0,0,0,0,0,0,0,0,0,0,1,1,0,0,0,0,0,1,0,4,1,0,3,1,0,0,1,1,4,1,1,0
"29",2017-05-26 04:00:00,2017-05-26,"BUCKET_00_04","Friday",10,9,2,2,7,5,2,0,0,0,2,1,0,0,5,1,1,0,0,0,0,1,0,2,0,0,0,1,0,0,4,0,0,2,1,0,0,0,0,0,1,1,0,1,0,0,0,0,0,0,0,0,1,0,0,0,0,0,0,0,0,0,0,0,0,0,0,0,0,0,1,1,0,0,0,0,0,1,0,6,1,1,4,1,0,0,1,7,2,0,0,0
"30",2017-05-19 04:00:00,2017-05-19,"BUCKET_00_04","Friday",9,8,2,2,6,6,0,0,0,0,1,0,0,0,6,0,0,0,0,0,0,0,0,1,0,0,0,1,0,0,3,0,0,2,1,0,0,0,0,0,1,1,0,1,0,0,0,0,0,0,0,0,1,0,0,0,0,0,0,0,0,0,0,0,0,0,0,0,0,0,1,0,0,0,0,0,0,1,0,5,1,1,3,1,0,0,1,8,0,0,0,0
"31",2017-05-20 04:00:00,2017-05-20,"BUCKET_00_04","Saturday",11,13,6,2,7,6,1,0,0,0,2,1,0,0,6,1,0,0,0,0,1,0,1,0,1,0,0,1,0,0,2,0,0,4,1,0,0,0,0,0,1,1,0,0,0,0,0,0,0,0,0,0,1,0,0,0,0,0,0,0,0,0,0,0,0,0,1,0,0,0,1,0,1,0,0,0,0,1,0,6,1,0,3,2,1,0,2,9,0,0,0,0
"32",2017-04-26 16:00:00,2017-04-26,"BUCKET_12_16","Wednesday",8,10,2,0,8,4,4,0,0,0,3,1,0,0,4,1,3,0,0,0,0,1,3,0,0,0,0,0,1,0,3,1,0,3,0,1,0,0,0,0,0,0,0,0,1,0,0,1,0,0,0,0,2,0,0,0,0,0,0,0,1,0,0,0,0,0,0,0,1,1,0,0,0,0,0,0,0,2,0,6,3,0,2,0,1,2,4,3,1,0,0,0
"33",2017-05-03 16:00:00,2017-05-03,"BUCKET_12_16","Wednesday",7,9,0,2,8,3,2,3,1,0,1,1,0,3,3,1,1,0,1,0,0,1,0,0,1,0,0,0,0,1,3,0,0,5,0,0,0,0,1,0,0,0,0,0,1,0,0,1,0,1,0,0,2,0,0,0,0,0,0,0,0,0,0,0,0,0,0,0,1,1,0,0,1,0,0,0,0,2,0,7,1,1,2,0,1,4,3,2,2,0,0,0
"34",2017-05-10 16:00:00,2017-05-10,"BUCKET_12_16","Wednesday",8,7,0,0,7,4,2,1,0,0,3,1,0,1,4,2,0,0,0,0,0,1,3,0,0,0,0,0,0,0,2,0,0,5,0,0,0,0,0,0,0,0,0,0,0,0,0,1,0,1,0,0,2,0,0,0,0,0,0,0,0,0,0,0,0,0,0,0,1,1,0,0,1,0,0,0,0,1,0,6,0,0,2,0,1,4,1,5,2,0,0,0
"35",2017-04-27 16:00:00,2017-04-27,"BUCKET_12_16","Thursday",4,8,1,1,5,1,3,1,1,1,1,1,1,1,1,2,1,1,0,0,0,1,1,0,0,0,0,0,0,0,4,1,0,2,0,0,0,0,0,0,0,0,0,1,1,0,0,1,0,0,0,0,0,1,0,0,0,0,0,0,0,0,0,0,0,0,0,0,1,1,0,1,0,0,0,0,0,2,0,5,2,0,2,2,0,1,2,1,1,0,0,0
"36",2017-05-04 16:00:00,2017-05-04,"BUCKET_12_16","Thursday",7,9,1,1,7,6,1,0,1,0,0,0,0,0,6,1,0,1,0,0,0,0,0,0,0,0,0,0,1,0,3,0,1,3,0,1,0,0,0,0,0,0,0,1,1,0,0,1,0,0,0,0,1,0,0,0,0,0,0,0,0,0,0,0,0,0,0,0,1,1,0,0,0,1,0,0,0,3,0,5,3,0,2,1,0,2,1,4,2,0,0,0
"37",2017-05-13 16:00:00,2017-05-13,"BUCKET_12_16","Saturday",9,10,1,2,8,4,4,0,1,0,3,0,0,0,4,4,0,0,0,1,0,0,2,1,0,0,0,0,1,0,3,1,1,3,0,1,0,0,0,0,0,0,0,1,1,0,0,1,0,0,0,0,1,0,0,0,0,0,0,0,0,0,0,0,1,0,0,0,1,1,0,0,0,1,0,0,0,4,0,5,4,0,2,1,0,2,1,8,0,0,0,0
"38",2017-05-11 16:00:00,2017-05-11,"BUCKET_12_16","Thursday",6,7,0,1,6,4,2,0,1,0,1,0,0,0,4,1,1,1,0,0,0,0,1,0,0,0,0,0,1,0,3,0,0,3,0,1,0,0,0,0,0,0,0,1,1,0,0,1,0,0,0,0,1,0,0,0,0,0,0,0,0,0,0,0,0,0,0,0,1,1,0,0,0,0,0,0,0,2,0,5,2,0,2,1,0,2,0,3,1,2,0,0
"39",2017-05-12 16:00:00,2017-05-12,"BUCKET_12_16","Friday",8,8,1,2,7,4,3,0,0,0,2,0,0,0,4,3,0,0,0,0,0,0,2,0,0,0,0,0,1,0,2,0,1,3,0,1,0,0,0,0,0,0,0,1,0,0,0,1,0,0,0,0,1,0,0,0,0,0,0,0,0,0,0,0,0,0,0,0,1,1,0,0,0,1,0,0,0,3,0,4,2,0,2,1,0,2,1,6,1,0,0,0
"40",2017-04-28 16:00:00,2017-04-28,"BUCKET_12_16","Friday",6,7,3,0,4,1,3,0,0,0,4,1,0,0,1,3,0,0,0,0,0,1,2,2,0,0,0,0,0,0,2,0,0,2,0,0,0,0,0,0,0,0,0,1,1,0,0,1,0,0,0,0,0,0,0,0,0,0,0,0,0,0,0,0,0,0,0,0,0,1,0,0,0,0,0,0,0,0,0,4,1,0,1,1,0,1,0,4,1,1,0,0
"41",2017-05-07 16:00:00,2017-05-07,"BUCKET_12_16","Sunday",6,4,0,2,4,2,0,2,0,0,0,2,0,2,2,0,0,0,0,0,1,1,0,0,0,0,0,0,0,0,2,0,0,2,0,0,0,0,0,0,0,0,0,1,0,0,0,1,0,0,0,0,0,0,0,0,0,0,0,0,0,0,0,0,0,0,0,0,1,1,0,0,0,0,0,0,0,1,0,3,0,0,2,1,0,1,1,3,2,0,0,0
"42",2017-05-05 16:00:00,2017-05-05,"BUCKET_12_16","Friday",7,9,1,1,8,6,1,1,0,0,0,0,0,1,6,1,0,0,0,0,0,0,0,0,0,0,0,0,1,0,3,0,1,3,0,1,0,0,0,0,0,0,0,1,1,0,0,1,0,0,0,0,1,0,0,0,0,0,0,0,0,0,0,0,0,0,0,0,1,1,0,0,0,1,0,0,0,3,0,5,3,0,2,1,0,2,1,4,2,0,0,0
"43",2017-05-14 16:00:00,2017-05-14,"BUCKET_12_16","Sunday",6,5,0,1,5,3,1,1,0,0,2,0,0,1,3,1,0,0,0,0,0,0,0,1,0,0,1,0,1,0,2,0,0,2,0,1,0,0,0,0,0,0,0,1,0,0,0,1,0,0,0,0,0,0,0,0,0,0,0,0,0,0,0,0,0,0,0,0,1,1,0,0,0,0,0,0,0,2,0,3,1,0,2,1,0,1,1,5,0,0,0,0
"44",2017-05-23 16:00:00,2017-05-23,"BUCKET_12_16","Tuesday",7,6,0,1,6,3,3,0,0,0,2,1,0,0,3,2,1,0,0,0,0,1,2,0,0,0,0,0,1,0,1,0,1,3,0,1,0,0,0,0,0,0,0,0,1,0,0,0,0,0,0,0,2,0,0,0,0,0,0,0,0,0,0,0,0,0,0,0,0,1,0,0,0,1,0,0,0,2,0,4,3,0,0,1,1,1,3,2,2,0,0,0
"45",2017-05-01 16:00:00,2017-05-01,"BUCKET_12_16","Monday",1,6,4,1,2,0,1,1,0,0,0,0,0,1,0,0,1,0,0,0,0,0,0,0,0,0,0,0,1,0,1,0,0,0,0,1,0,0,0,0,0,0,0,0,0,0,0,0,1,0,0,0,0,0,0,0,0,0,0,0,0,0,0,0,0,0,0,0,0,0,0,0,0,0,0,0,0,1,1,0,2,0,0,0,0,0,0,1,0,0,0,0
"46",2017-04-29 16:00:00,2017-04-29,"BUCKET_12_16","Saturday",7,8,2,1,6,4,2,0,0,0,1,1,0,0,4,2,0,0,0,0,0,1,1,0,0,0,0,0,0,0,3,0,0,3,0,0,0,0,0,0,0,0,0,1,1,0,0,1,0,0,0,0,1,0,0,0,0,0,0,0,0,0,0,0,0,0,0,0,1,1,0,0,0,0,0,0,0,1,0,5,1,0,2,1,0,2,0,7,0,0,0,0
"47",2017-05-08 16:00:00,2017-05-08,"BUCKET_12_16","Monday",5,2,0,3,0,0,0,0,2,0,2,0,0,0,0,0,0,1,0,1,0,0,1,1,0,0,0,0,0,0,1,1,0,0,0,0,0,0,0,0,0,0,0,0,0,0,0,0,0,0,0,0,0,0,0,0,1,0,0,0,0,0,0,0,0,0,0,0,1,0,0,0,0,0,0,0,0,1,1,0,1,0,1,0,0,0,0,5,0,0,0,0
"48",2017-05-06 16:00:00,2017-05-06,"BUCKET_12_16","Saturday",8,11,2,1,8,6,2,0,1,0,0,1,0,0,6,1,1,0,1,0,0,1,0,0,0,0,0,0,1,0,3,1,1,3,0,1,0,0,0,0,0,0,0,1,1,0,0,1,0,0,0,0,1,0,0,0,1,0,0,0,0,0,0,0,0,0,0,0,1,1,0,0,0,1,0,0,0,3,1,5,4,0,2,1,0,2,2,6,0,0,0,0
"49",2017-05-15 16:00:00,2017-05-15,"BUCKET_12_16","Monday",6,3,1,4,2,2,0,0,0,0,0,0,0,0,2,0,0,0,0,0,0,0,0,0,0,0,0,0,1,0,1,0,0,0,0,1,0,0,0,0,0,0,0,0,0,0,0,0,0,0,0,0,0,0,0,0,0,0,0,0,0,0,0,0,0,0,0,0,1,0,0,0,0,0,0,0,0,2,0,0,1,0,1,0,0,0,0,6,0,0,0,0
"50",2017-05-24 16:00:00,2017-05-24,"BUCKET_12_16","Wednesday",7,10,1,2,8,4,3,1,1,0,1,0,0,1,4,1,2,1,0,0,0,0,1,0,0,0,0,0,1,0,3,0,1,4,0,1,0,0,0,0,0,0,0,0,1,0,0,1,0,1,0,0,2,0,0,0,0,0,0,0,0,0,0,0,0,0,0,0,1,1,0,0,0,1,0,0,0,3,0,6,3,0,2,0,1,3,1,1,5,0,0,0
"51",2017-05-02 16:00:00,2017-05-02,"BUCKET_12_16","Tuesday",7,6,0,1,6,4,0,2,0,0,1,1,1,1,4,0,0,0,0,0,0,1,1,0,0,0,0,0,1,0,1,0,0,4,0,1,0,0,0,0,0,0,0,0,1,0,0,0,0,0,0,0,2,0,0,0,0,0,0,0,0,0,0,0,0,0,0,0,0,1,0,0,1,0,0,0,0,1,0,5,2,0,0,1,1,2,4,2,1,0,0,0
"52",2017-04-30 16:00:00,2017-04-30,"BUCKET_12_16","Sunday",6,6,2,2,4,2,1,1,0,0,0,2,0,1,2,1,0,0,0,0,0,2,0,0,0,0,0,0,1,0,1,0,0,2,0,1,0,0,0,0,0,0,0,1,0,0,0,0,0,0,0,0,0,0,0,0,0,0,0,0,0,0,0,0,0,0,0,0,1,1,0,0,0,0,0,0,0,2,0,2,1,0,1,1,0,1,2,3,1,0,0,0
"53",2017-05-09 16:00:00,2017-05-09,"BUCKET_12_16","Tuesday",7,4,0,2,4,2,1,1,0,0,2,1,0,1,2,1,0,0,0,0,0,1,2,0,0,0,0,0,0,0,0,0,0,4,0,0,0,0,0,0,0,0,0,0,0,0,0,0,0,0,0,0,2,0,0,0,0,0,0,0,0,0,0,0,0,0,0,0,0,1,0,0,1,0,0,0,0,0,0,4,0,0,0,1,1,2,1,6,0,0,0,0
"54",2017-05-18 16:00:00,2017-05-18,"BUCKET_12_16","Thursday",6,9,1,1,8,4,3,1,0,0,1,0,0,1,4,3,0,0,0,0,0,0,0,1,0,0,0,0,1,0,3,0,1,3,0,1,0,0,0,0,0,0,0,1,1,0,0,1,0,0,0,0,1,0,0,0,0,0,0,0,0,0,0,0,0,0,0,0,1,1,0,0,0,1,0,0,0,3,0,5,3,0,2,1,0,2,1,5,0,0,0,0
"55",2017-05-16 16:00:00,2017-05-16,"BUCKET_12_16","Tuesday",7,6,0,3,5,3,0,2,1,0,0,1,0,2,3,0,0,0,0,1,0,1,0,0,0,0,0,0,1,0,1,0,1,3,0,1,0,0,0,0,0,0,0,0,1,0,0,0,0,0,0,0,2,0,0,0,0,0,0,0,0,0,0,0,0,0,0,0,0,1,0,0,0,1,0,0,0,2,0,4,3,0,0,1,1,1,3,4,0,0,0,0
"56",2017-05-25 16:00:00,2017-05-25,"BUCKET_12_16","Thursday",6,10,3,1,7,2,5,0,0,0,3,0,0,0,2,3,2,0,0,0,0,0,1,0,1,0,1,0,1,0,3,0,0,3,0,1,0,0,0,0,0,0,0,1,1,0,0,1,0,0,0,0,1,0,0,0,0,0,0,0,0,0,0,0,0,0,0,0,1,1,0,0,0,0,0,0,0,2,0,5,2,0,2,1,0,2,1,4,1,0,0,0
"57",2017-05-17 16:00:00,2017-05-17,"BUCKET_12_16","Wednesday",6,8,0,0,8,3,5,0,0,0,1,2,0,0,3,1,4,0,0,0,0,2,1,0,0,0,0,0,1,0,3,0,1,3,0,1,0,0,0,0,0,0,0,0,1,0,0,1,0,0,0,0,2,0,0,0,0,0,0,0,0,0,0,0,0,0,0,0,1,1,0,0,0,1,0,0,0,3,0,5,3,0,2,0,1,2,5,1,0,0,0,0
"58",2017-05-26 16:00:00,2017-05-26,"BUCKET_12_16","Friday",7,11,4,1,7,4,3,0,0,0,2,0,0,0,4,2,1,0,0,0,0,0,2,0,0,0,0,0,0,0,3,0,1,3,0,0,0,0,0,0,0,0,0,1,1,0,0,1,0,0,0,0,1,0,0,0,0,0,0,0,0,0,0,0,0,0,0,0,1,1,0,0,0,1,0,0,0,2,0,5,2,0,2,1,0,2,2,5,0,0,0,0
"59",2017-05-21 16:00:00,2017-05-21,"BUCKET_12_16","Sunday",3,3,0,0,3,2,1,0,0,0,0,1,0,0,2,1,0,0,0,0,0,1,0,0,0,0,0,0,1,0,0,0,0,2,0,1,0,0,0,0,0,0,0,1,0,0,0,0,0,0,0,0,0,0,0,0,0,0,0,0,0,0,0,0,0,0,0,0,0,1,0,0,0,0,0,0,0,1,0,2,1,0,0,1,0,1,0,3,0,0,0,0
"60",2017-05-19 16:00:00,2017-05-19,"BUCKET_12_16","Friday",6,9,3,0,5,3,2,0,1,0,2,1,0,0,3,1,1,1,0,0,0,1,1,1,0,0,0,0,1,0,2,0,1,2,0,1,0,0,0,0,0,0,0,1,0,0,0,1,0,0,0,0,0,0,0,0,0,0,0,0,0,0,0,0,0,0,0,0,1,1,0,0,0,1,0,0,0,3,0,3,2,0,2,1,0,1,2,4,0,0,0,0
"61",2017-05-22 16:00:00,2017-05-22,"BUCKET_12_16","Monday",6,4,2,3,2,1,0,1,0,0,2,0,0,1,1,0,0,0,0,0,0,0,1,1,0,0,0,0,1,0,1,0,0,0,0,1,0,0,0,0,0,0,0,0,0,0,0,0,1,0,0,0,0,0,0,0,0,0,0,0,0,0,0,0,0,0,0,0,0,0,0,0,0,0,0,0,0,1,1,0,2,0,0,0,0,0,0,6,0,0,0,0
"62",2017-05-20 16:00:00,2017-05-20,"BUCKET_12_16","Saturday",9,10,3,2,6,3,3,0,1,0,2,2,0,0,3,2,1,1,0,0,1,1,1,0,0,0,1,0,1,0,3,0,1,2,0,1,0,0,0,0,0,0,0,1,1,0,0,1,0,0,0,0,0,0,0,0,0,0,0,0,0,0,0,0,0,0,0,0,1,1,0,0,0,1,0,0,0,3,0,4,3,0,2,1,0,1,1,8,0,0,0,0
"63",2017-05-06 20:00:00,2017-05-06,"BUCKET_16_20","Saturday",6,4,0,1,4,3,0,1,0,0,2,0,0,1,3,0,0,0,0,0,0,0,1,0,1,0,0,0,0,0,1,0,0,3,0,0,0,0,0,0,0,0,0,0,0,0,0,0,0,1,0,0,0,0,0,0,0,0,0,0,0,0,0,0,0,0,0,0,0,0,0,0,1,0,0,1,1,0,0,4,0,0,2,0,0,2,0,6,0,0,0,0
"64",2017-05-04 20:00:00,2017-05-04,"BUCKET_16_20","Thursday",6,6,1,2,3,2,1,0,2,0,2,0,0,0,2,1,0,1,1,0,0,0,1,0,1,0,0,0,0,0,1,1,0,3,0,0,0,0,0,0,0,0,0,0,0,0,0,0,0,1,0,0,0,0,0,0,0,0,0,0,0,0,0,0,0,0,0,1,0,0,0,0,1,0,0,1,1,1,0,4,1,0,2,0,0,2,2,3,1,0,0,0
"65",2017-05-05 20:00:00,2017-05-05,"BUCKET_16_20","Friday",3,4,0,0,3,2,1,0,1,0,1,0,0,0,2,1,0,1,0,0,0,0,1,0,0,0,0,0,0,0,1,0,0,3,0,0,0,0,0,0,0,0,0,0,0,0,0,0,0,1,0,0,0,0,0,0,0,0,0,0,0,0,0,0,0,0,0,0,0,0,0,0,1,0,0,1,1,0,0,4,0,0,2,0,0,2,1,2,0,0,0,0
"66",2017-05-03 20:00:00,2017-05-03,"BUCKET_16_20","Wednesday",5,4,0,1,3,1,1,1,1,0,3,0,0,1,1,1,0,1,0,0,0,0,1,0,2,0,0,0,0,0,1,0,1,2,0,0,0,0,0,0,0,0,0,0,0,1,0,0,0,0,0,0,0,0,0,0,0,0,0,0,0,0,0,0,0,0,0,0,0,0,0,0,0,1,0,1,1,1,0,3,1,0,2,0,0,1,0,3,2,0,0,0
"67",2017-04-30 20:00:00,2017-04-30,"BUCKET_16_20","Sunday",3,4,1,1,2,0,0,2,1,0,1,1,0,2,0,0,1,0,0,0,1,0,1,0,0,0,0,0,0,0,1,1,0,1,0,0,0,0,0,0,0,0,0,0,0,0,0,1,0,0,0,0,0,0,0,0,0,0,0,0,0,0,0,0,0,0,0,1,0,0,0,0,0,0,0,0,1,1,0,2,1,0,1,0,1,0,0,2,1,0,0,0
"68",2017-05-09 20:00:00,2017-05-09,"BUCKET_16_20","Tuesday",6,5,0,1,5,2,2,1,0,0,2,1,0,1,2,2,0,0,0,0,0,1,1,0,0,0,1,0,0,0,1,0,1,3,0,0,0,0,0,0,0,0,0,0,0,1,0,0,0,1,0,0,0,0,0,0,0,0,0,0,0,0,0,0,0,0,0,0,0,0,0,0,0,1,0,1,1,1,0,4,1,0,2,1,0,1,3,2,1,0,0,0
"69",2017-05-07 20:00:00,2017-05-07,"BUCKET_16_20","Sunday",5,3,1,2,2,1,0,1,0,0,2,0,0,1,1,0,0,0,0,0,0,0,0,1,1,0,0,0,0,0,0,1,0,1,0,0,0,0,0,0,0,0,0,0,0,0,0,0,0,0,0,0,0,0,0,0,0,0,0,0,0,0,0,0,0,0,0,1,0,0,0,0,0,0,0,0,1,1,0,1,1,0,0,0,1,0,0,3,2,0,0,0
"70",2017-04-26 20:00:00,2017-04-26,"BUCKET_16_20","Wednesday",8,6,0,2,5,3,1,1,1,0,2,1,0,1,3,1,1,0,0,0,0,1,1,0,1,0,0,0,0,0,1,0,1,4,0,0,0,0,0,0,0,0,0,0,0,1,0,0,0,1,0,0,0,0,0,0,0,0,0,0,0,0,0,0,0,0,0,0,0,0,0,0,1,1,0,1,1,1,0,5,1,0,2,0,0,3,3,5,0,0,0,0
"71",2017-05-25 20:00:00,2017-05-25,"BUCKET_16_20","Thursday",10,6,1,4,2,1,1,0,3,0,5,0,0,0,1,1,2,1,0,0,0,0,3,2,0,0,0,0,0,0,1,1,0,3,0,0,0,0,0,0,0,0,0,0,0,0,0,0,0,1,0,0,0,0,0,0,0,0,0,0,0,0,0,0,0,0,0,1,0,0,0,0,1,0,0,1,1,1,0,4,1,0,2,0,0,2,0,3,7,0,0,0
"72",2017-05-23 20:00:00,2017-05-23,"BUCKET_16_20","Tuesday",9,5,0,5,3,1,1,1,2,0,3,0,0,1,1,1,2,0,0,0,0,0,2,0,0,1,0,0,0,0,1,0,0,4,0,0,0,0,0,0,0,0,0,0,0,1,0,0,0,1,0,0,0,0,0,0,0,0,0,0,0,0,0,0,0,0,0,0,0,0,0,0,1,0,0,1,1,0,0,5,0,0,2,1,0,2,0,9,0,0,0,0
"73",2017-05-01 20:00:00,2017-05-01,"BUCKET_16_20","Monday",3,0,0,3,0,0,0,0,0,0,0,0,0,0,0,0,0,0,0,0,0,0,0,0,0,0,0,0,0,0,0,0,0,0,0,0,0,0,0,0,0,0,0,0,0,0,0,0,0,0,0,0,0,0,0,0,0,0,0,0,0,0,0,0,0,0,0,0,0,0,0,0,0,0,0,0,0,0,0,0,0,0,0,0,0,0,0,3,0,0,0,0
"74",2017-05-10 20:00:00,2017-05-10,"BUCKET_16_20","Wednesday",11,4,0,5,4,1,2,1,0,0,5,0,0,1,1,2,0,0,0,0,0,0,2,2,0,0,1,0,0,0,1,0,1,2,0,0,0,0,0,0,0,0,0,0,0,1,0,0,0,0,0,0,0,0,0,0,0,0,0,0,0,0,0,0,0,0,0,0,0,0,0,0,0,1,0,1,1,1,0,3,1,0,2,0,0,1,0,6,3,0,0,2
"75",2017-05-08 20:00:00,2017-05-08,"BUCKET_16_20","Monday",2,0,0,2,0,0,0,0,0,0,0,0,0,0,0,0,0,0,0,0,0,0,0,0,0,0,0,0,0,0,0,0,0,0,0,0,0,0,0,0,0,0,0,0,0,0,0,0,0,0,0,0,0,0,0,0,0,0,0,0,0,0,0,0,0,0,0,0,0,0,0,0,0,0,0,0,0,0,0,0,0,0,0,0,0,0,1,1,0,0,0,0
"76",2017-04-27 20:00:00,2017-04-27,"BUCKET_16_20","Thursday",11,7,1,2,4,3,0,1,2,0,5,1,0,1,3,0,2,0,0,0,1,0,2,2,1,0,0,0,0,0,1,0,1,4,0,0,0,0,0,0,0,0,0,0,0,0,0,0,0,1,0,0,1,0,0,0,0,0,0,0,0,0,0,0,0,0,0,0,0,0,0,0,1,1,0,1,1,1,0,5,1,0,2,0,0,3,2,4,3,2,0,0
"77",2017-05-26 20:00:00,2017-05-26,"BUCKET_16_20","Friday",6,5,2,0,3,3,0,0,0,0,3,0,0,0,3,0,0,0,0,0,0,0,2,0,1,0,0,0,0,0,1,0,0,2,0,0,0,0,0,0,0,0,0,0,0,0,0,0,0,1,0,0,0,0,0,0,0,0,0,0,0,0,0,0,0,0,0,0,0,0,0,0,1,0,0,1,0,0,0,3,0,0,1,0,0,2,2,4,0,0,0,0
"78",2017-05-24 20:00:00,2017-05-24,"BUCKET_16_20","Wednesday",9,3,0,1,3,3,0,0,0,0,4,1,0,0,3,0,0,0,0,0,0,1,1,2,1,0,0,0,0,0,1,0,0,2,0,0,0,0,0,0,0,0,0,0,0,1,0,0,0,0,0,0,0,0,0,0,0,0,0,0,0,0,0,0,0,0,0,0,0,0,0,0,1,0,0,1,0,0,0,3,0,0,1,0,0,2,3,3,2,0,0,1
"79",2017-05-02 20:00:00,2017-05-02,"BUCKET_16_20","Tuesday",6,5,0,3,5,2,2,1,0,0,0,1,0,1,2,2,0,0,0,0,0,1,0,0,0,0,0,0,0,0,1,0,1,3,0,0,0,0,0,0,0,0,0,0,0,1,0,0,0,1,0,0,0,0,0,0,0,0,0,0,0,0,0,0,0,0,0,0,0,0,0,0,0,1,0,1,1,1,0,4,1,0,2,1,0,1,2,4,0,0,0,0
"80",2017-05-11 20:00:00,2017-05-11,"BUCKET_16_20","Thursday",8,7,2,3,3,3,0,0,2,0,2,0,0,0,3,0,1,1,0,0,0,0,1,0,1,0,0,0,0,0,1,0,1,3,0,0,0,0,0,0,0,0,0,0,0,0,0,0,0,1,0,0,0,0,0,0,0,0,0,0,0,0,0,0,0,0,0,0,0,0,0,0,1,1,0,1,1,1,0,4,1,0,2,0,0,2,0,5,2,1,0,0
"81",2017-05-20 20:00:00,2017-05-20,"BUCKET_16_20","Saturday",9,5,0,2,5,4,0,1,0,0,3,0,0,1,4,0,0,0,0,0,0,0,2,1,0,0,0,0,0,0,1,0,0,4,0,0,0,0,0,0,0,0,0,0,0,0,0,0,0,1,0,0,1,0,0,0,0,0,0,0,0,0,0,0,0,0,0,0,0,0,0,0,1,0,0,1,1,0,0,5,0,0,2,0,0,3,3,6,0,0,0,0
"82",2017-04-28 20:00:00,2017-04-28,"BUCKET_16_20","Friday",8,7,0,1,6,3,2,1,1,0,4,0,0,1,3,2,1,0,0,0,0,0,3,1,0,0,0,0,0,0,2,0,1,4,0,0,0,0,0,0,0,0,0,0,0,0,0,0,0,1,0,0,1,0,0,0,0,0,0,0,0,0,0,0,0,0,0,0,1,0,0,0,1,1,0,1,1,2,0,5,1,0,3,0,0,3,0,4,4,0,0,0
"83",2017-05-18 20:00:00,2017-05-18,"BUCKET_16_20","Thursday",6,6,1,1,4,1,3,0,1,0,4,0,0,0,1,3,1,0,0,0,0,0,3,0,0,0,1,0,0,0,1,1,0,3,0,0,0,0,0,0,0,0,0,0,0,0,0,0,0,1,0,0,0,0,0,0,0,0,0,0,0,0,0,0,0,0,0,1,0,0,0,0,1,0,0,1,1,1,0,4,1,0,2,0,0,2,1,4,1,0,0,0
"84",2017-05-16 20:00:00,2017-05-16,"BUCKET_16_20","Tuesday",4,5,0,1,4,2,1,1,1,0,0,1,0,1,2,1,1,0,0,0,0,1,0,0,0,0,0,0,0,0,1,0,0,4,0,0,0,0,0,0,0,0,0,0,0,1,0,0,0,1,0,0,0,0,0,0,0,0,0,0,0,0,0,0,0,0,0,0,0,0,0,0,1,0,0,1,1,0,0,5,0,0,2,1,0,2,2,2,0,0,0,0
"85",2017-05-14 20:00:00,2017-05-14,"BUCKET_16_20","Sunday",4,3,1,2,1,0,1,0,1,0,1,1,0,0,0,1,1,0,0,0,1,0,1,0,0,0,0,0,0,0,0,1,0,1,0,0,0,0,0,0,0,0,0,0,0,0,0,0,0,0,0,0,0,0,0,0,0,0,0,0,0,0,0,0,0,0,0,1,0,0,0,0,0,0,0,0,1,1,0,1,1,0,0,0,1,0,0,4,0,0,0,0
"86",2017-05-12 20:00:00,2017-05-12,"BUCKET_16_20","Friday",11,5,1,4,4,2,2,0,0,0,4,1,0,0,2,2,0,0,0,0,0,1,3,0,1,0,0,0,0,0,1,0,0,3,0,0,0,0,0,0,0,0,0,0,0,0,0,0,0,1,0,0,0,0,0,0,0,0,0,0,0,0,0,0,0,0,0,0,0,0,0,0,1,0,0,1,1,0,0,4,0,0,2,0,0,2,2,8,1,0,0,0
"87",2017-05-21 20:00:00,2017-05-21,"BUCKET_16_20","Sunday",7,5,2,4,3,2,0,1,0,0,1,0,0,1,2,0,0,0,0,0,0,0,1,0,0,0,0,0,0,0,2,0,0,1,0,0,0,0,0,0,0,0,0,0,0,0,0,1,0,0,0,0,0,0,0,0,0,0,0,0,0,0,0,0,0,0,0,0,1,0,0,0,0,0,0,0,1,1,0,2,0,0,2,0,1,0,1,5,1,0,0,0
"88",2017-04-29 20:00:00,2017-04-29,"BUCKET_16_20","Saturday",7,5,1,1,4,3,0,1,0,0,3,0,0,1,3,0,0,0,0,0,0,0,2,0,0,1,0,0,0,0,1,0,1,2,0,0,0,0,0,0,0,0,0,0,0,0,0,0,0,1,0,0,0,0,0,0,0,0,0,0,0,0,0,0,0,0,0,0,0,0,0,0,1,1,0,1,0,1,0,3,1,0,1,0,0,2,2,5,0,0,0,0
"89",2017-05-19 20:00:00,2017-05-19,"BUCKET_16_20","Friday",5,5,0,1,5,2,2,1,0,0,2,0,0,1,2,2,0,0,0,0,0,0,1,0,0,0,1,0,0,0,1,0,0,4,0,0,0,0,0,0,0,0,0,0,0,0,0,0,0,1,0,0,1,0,0,0,0,0,0,0,0,0,0,0,0,0,0,0,0,0,0,0,1,0,0,1,1,0,0,5,0,0,2,0,0,3,2,2,0,0,1,0
"90",2017-05-17 20:00:00,2017-05-17,"BUCKET_16_20","Wednesday",7,5,0,3,3,1,0,2,2,0,2,1,0,2,1,0,2,0,0,0,0,1,1,1,0,0,0,0,0,0,1,0,0,4,0,0,0,0,0,0,0,0,0,0,0,1,0,0,0,1,0,0,0,0,0,0,0,0,0,0,0,0,0,0,0,0,0,0,0,0,0,0,1,0,0,1,1,0,0,5,0,0,2,0,0,3,2,3,2,0,0,0
"91",2017-05-15 20:00:00,2017-05-15,"BUCKET_16_20","Monday",1,0,0,1,0,0,0,0,0,0,0,0,0,0,0,0,0,0,0,0,0,0,0,0,0,0,0,0,0,0,0,0,0,0,0,0,0,0,0,0,0,0,0,0,0,0,0,0,0,0,0,0,0,0,0,0,0,0,0,0,0,0,0,0,0,0,0,0,0,0,0,0,0,0,0,0,0,0,0,0,0,0,0,0,0,0,0,1,0,0,0,0
"92",2017-05-13 20:00:00,2017-05-13,"BUCKET_16_20","Saturday",9,4,0,1,4,3,1,0,0,0,5,0,0,0,3,1,0,0,0,0,0,0,4,1,0,0,0,0,0,0,1,0,0,3,0,0,0,0,0,0,0,0,0,0,0,0,0,0,0,1,0,0,0,0,0,0,0,0,0,0,0,0,0,0,0,0,0,0,0,0,0,0,1,0,0,1,1,0,0,4,0,0,2,0,0,2,2,6,1,0,0,0
"93",2017-05-22 20:00:00,2017-05-22,"BUCKET_16_20","Monday",4,1,0,4,0,0,0,0,1,0,0,0,0,0,0,0,1,0,0,0,0,0,0,0,0,0,0,0,0,0,1,0,0,0,0,0,0,0,0,0,0,0,0,0,0,0,0,0,0,0,0,0,0,0,0,0,0,0,0,0,0,0,0,0,0,0,0,0,1,0,0,0,0,0,0,0,0,1,0,0,0,0,1,0,0,0,0,4,0,0,0,0
"94",2017-05-01 00:00:00,2017-04-30,"BUCKET_20_24","Sunday",5,0,0,4,0,0,0,0,0,0,0,1,0,0,0,0,0,0,0,0,0,1,0,0,0,0,0,0,0,0,0,0,0,0,0,0,0,0,0,0,0,0,0,0,0,0,0,0,0,0,0,0,0,0,0,0,0,0,0,0,0,0,0,0,0,0,0,0,0,0,0,0,0,0,0,0,0,0,0,0,0,0,0,0,0,0,0,5,0,0,0,0
"95",2017-05-10 00:00:00,2017-05-09,"BUCKET_20_24","Tuesday",4,4,0,1,1,0,0,1,3,0,2,1,0,1,0,1,0,1,0,1,0,1,2,0,0,0,0,0,0,0,1,2,0,1,0,0,0,0,0,0,0,0,0,0,0,0,0,0,0,0,0,0,0,0,0,0,0,1,1,0,0,0,0,0,0,0,1,0,0,0,0,1,0,0,0,0,0,1,1,2,2,0,1,0,0,1,0,4,0,0,0,0
"96",2017-05-08 00:00:00,2017-05-07,"BUCKET_20_24","Sunday",2,2,2,1,0,0,0,0,0,0,0,1,0,0,0,0,0,0,0,0,0,1,0,0,0,0,0,0,0,0,0,0,0,0,0,0,0,0,0,0,0,0,0,0,0,0,0,0,0,0,0,0,0,0,0,0,0,0,0,0,0,0,0,0,0,0,0,0,0,0,0,0,0,0,0,0,0,0,0,0,0,0,0,0,0,0,0,0,1,0,1,0
"97",2017-05-06 00:00:00,2017-05-05,"BUCKET_20_24","Friday",7,3,1,5,1,1,0,0,1,0,1,0,0,0,1,0,0,1,0,0,0,0,1,0,0,0,0,0,0,0,0,1,0,1,0,0,0,0,0,0,0,0,0,0,0,0,0,0,0,0,0,0,0,0,0,1,0,0,0,0,0,0,0,0,0,0,0,0,0,0,0,1,0,0,0,0,0,0,0,2,1,0,0,1,0,0,0,6,1,0,0,0
"98",2017-05-04 00:00:00,2017-05-03,"BUCKET_20_24","Wednesday",3,3,2,1,0,0,0,0,1,0,2,0,0,0,0,1,0,0,0,0,0,0,1,1,0,0,0,0,0,0,0,0,0,1,0,0,0,0,0,0,0,0,0,0,0,0,0,0,0,0,0,0,0,0,0,0,0,0,0,0,0,0,0,0,0,0,1,0,0,0,0,0,0,0,0,0,0,0,0,1,0,0,0,0,0,1,0,3,0,0,0,0
"99",2017-05-24 00:00:00,2017-05-23,"BUCKET_20_24","Tuesday",5,1,0,1,1,1,0,0,0,0,2,1,0,0,1,0,0,0,0,0,0,1,1,1,0,0,0,0,0,0,0,0,0,1,0,0,0,0,0,0,0,0,0,0,0,0,0,0,0,0,0,0,0,0,0,0,0,0,0,0,0,0,0,0,0,0,1,0,0,0,0,0,0,0,0,0,0,0,0,1,0,0,0,0,0,1,1,3,0,0,1,0
"100",2017-05-02 00:00:00,2017-05-01,"BUCKET_20_24","Monday",1,0,0,0,0,0,0,0,0,0,1,0,0,0,0,0,0,0,0,0,0,0,0,1,0,0,0,0,0,0,0,0,0,0,0,0,0,0,0,0,0,0,0,0,0,0,0,0,0,0,0,0,0,0,0,0,0,0,0,0,0,0,0,0,0,0,0,0,0,0,0,0,0,0,0,0,0,0,0,0,0,0,0,0,0,0,0,1,0,0,0,0
"101",2017-05-11 00:00:00,2017-05-10,"BUCKET_20_24","Wednesday",5,5,1,1,2,2,0,0,2,0,2,0,0,0,2,2,0,0,0,0,0,0,2,0,0,0,0,0,0,0,2,1,0,1,0,0,0,0,0,0,0,0,0,0,0,0,0,0,0,0,0,1,0,0,0,0,0,1,0,0,0,0,0,0,0,0,1,0,0,0,0,1,0,0,0,0,0,1,1,2,2,0,1,0,0,1,1,2,2,0,0,0
"102",2017-05-09 00:00:00,2017-05-08,"BUCKET_20_24","Monday",1,2,2,1,0,0,0,0,0,0,0,0,0,0,0,0,0,0,0,0,0,0,0,0,0,0,0,0,0,0,0,0,0,0,0,0,0,0,0,0,0,0,0,0,0,0,0,0,0,0,0,0,0,0,0,0,0,0,0,0,0,0,0,0,0,0,0,0,0,0,0,0,0,0,0,0,0,0,0,0,0,0,0,0,0,0,0,0,0,0,1,0
"103",2017-05-07 00:00:00,2017-05-06,"BUCKET_20_24","Saturday",2,3,3,0,0,0,0,0,0,0,1,1,0,0,0,0,0,0,0,0,0,1,0,1,0,0,0,0,0,0,0,0,0,0,0,0,0,0,0,0,0,0,0,0,0,0,0,0,0,0,0,0,0,0,0,0,0,0,0,0,0,0,0,0,0,0,0,0,0,0,0,0,0,0,0,0,0,0,0,0,0,0,0,0,0,0,0,2,0,0,0,0
"104",2017-05-05 00:00:00,2017-05-04,"BUCKET_20_24","Thursday",5,4,2,2,1,1,0,0,1,0,1,1,0,0,1,1,0,0,0,0,0,1,1,0,0,0,0,0,0,0,0,1,0,1,0,0,0,0,0,0,0,0,0,0,0,0,0,0,0,0,0,0,0,0,0,0,0,0,0,1,0,0,0,0,0,0,1,0,0,0,0,0,0,0,0,0,0,1,0,1,1,0,0,0,0,1,1,4,0,0,0,0
"105",2017-05-25 00:00:00,2017-05-24,"BUCKET_20_24","Wednesday",5,2,0,2,1,0,0,1,1,0,3,0,0,1,0,0,1,0,0,0,0,0,0,2,0,0,1,0,0,0,0,0,0,2,0,0,0,0,0,0,0,0,0,0,0,0,0,0,0,0,0,0,0,0,0,0,0,0,0,0,0,0,0,0,0,0,1,0,0,0,0,0,0,0,0,0,1,0,0,2,0,0,1,0,0,1,0,2,2,0,1,0
"106",2017-05-03 00:00:00,2017-05-02,"BUCKET_20_24","Tuesday",4,3,1,2,1,0,0,1,1,0,2,0,0,1,0,0,1,0,0,0,0,0,2,0,0,0,0,0,0,0,0,1,0,1,0,0,0,0,0,0,0,0,0,0,0,0,0,0,0,0,0,0,0,0,0,0,0,1,0,0,0,0,0,0,0,0,1,0,0,0,0,0,0,0,0,0,0,0,1,1,1,0,0,0,0,1,1,3,0,0,0,0
"107",2017-05-12 00:00:00,2017-05-11,"BUCKET_20_24","Thursday",4,5,1,0,3,3,0,0,1,0,1,0,0,0,3,1,0,0,0,0,0,0,0,1,0,0,0,0,0,0,2,1,0,1,0,0,0,0,0,0,0,0,0,0,0,0,0,0,0,0,1,0,0,0,0,0,0,0,0,1,0,0,0,0,0,0,1,0,0,0,0,1,0,0,0,0,0,2,0,2,2,0,1,0,0,1,1,0,3,0,0,0
"108",2017-05-21 00:00:00,2017-05-20,"BUCKET_20_24","Saturday",6,1,0,3,0,0,0,0,1,0,1,2,0,0,0,1,0,0,0,0,0,2,0,1,0,0,0,0,0,0,1,0,0,0,0,0,0,0,0,0,0,0,0,0,0,0,0,0,0,0,1,0,0,0,0,0,0,0,0,0,0,0,0,0,0,0,0,0,0,0,0,0,0,0,0,0,0,1,0,0,1,0,0,0,0,0,0,6,0,0,0,0
"109",2017-04-29 00:00:00,2017-04-28,"BUCKET_20_24","Friday",6,2,1,3,1,1,0,0,0,0,2,0,0,0,1,0,0,0,0,0,0,0,2,0,0,0,0,0,0,0,0,0,0,1,0,0,0,0,0,0,0,0,0,0,0,0,0,0,0,0,0,0,0,0,0,0,0,0,0,0,0,0,0,0,0,0,0,0,0,0,0,1,0,0,0,0,0,0,0,1,0,0,0,1,0,0,0,4,2,0,0,0
"110",2017-04-27 00:00:00,2017-04-26,"BUCKET_20_24","Wednesday",10,2,1,4,1,0,0,1,0,0,5,1,0,1,0,0,0,0,0,0,0,1,1,3,0,1,0,0,0,0,0,0,0,1,0,0,0,0,0,0,0,0,0,0,0,0,0,0,0,0,0,0,0,0,0,0,0,0,0,0,0,0,0,0,0,0,1,0,0,0,0,0,0,0,0,0,0,0,0,1,0,0,0,0,0,1,0,7,3,0,0,0
"111",2017-05-26 00:00:00,2017-05-25,"BUCKET_20_24","Thursday",8,2,1,3,1,1,0,0,0,0,3,1,0,0,1,0,0,0,0,0,1,0,1,2,0,0,0,0,0,0,0,0,0,1,0,0,0,0,0,0,0,0,0,0,0,0,0,0,0,0,0,0,0,0,0,0,0,0,0,0,0,0,0,0,0,0,1,0,0,0,0,0,0,0,0,0,0,0,0,1,0,0,0,0,0,1,2,4,2,0,0,0
"112",2017-05-15 00:00:00,2017-05-14,"BUCKET_20_24","Sunday",7,2,1,4,0,0,0,0,1,0,3,0,0,0,0,1,0,0,0,0,0,0,1,0,1,0,1,0,0,0,0,1,0,0,0,0,0,0,0,0,0,0,0,0,0,0,0,0,0,0,0,0,0,0,0,0,0,1,0,0,0,0,0,0,0,0,0,0,0,0,0,0,0,0,0,0,0,0,0,1,1,0,0,0,0,0,1,3,2,0,0,1
"113",2017-05-13 00:00:00,2017-05-12,"BUCKET_20_24","Friday",5,6,2,1,2,1,0,1,2,0,3,0,0,1,1,1,0,1,0,0,0,0,2,0,1,0,0,0,0,0,2,1,0,1,0,0,0,0,0,0,0,0,0,1,0,0,0,0,0,0,1,0,0,0,0,0,0,0,0,1,0,0,0,0,0,0,0,0,0,0,0,1,0,0,0,0,0,2,0,2,2,1,0,1,0,0,0,4,1,0,0,0
"114",2017-05-22 00:00:00,2017-05-21,"BUCKET_20_24","Sunday",2,0,0,1,0,0,0,0,0,0,0,1,0,0,0,0,0,0,0,0,0,1,0,0,0,0,0,0,0,0,0,0,0,0,0,0,0,0,0,0,0,0,0,0,0,0,0,0,0,0,0,0,0,0,0,0,0,0,0,0,0,0,0,0,0,0,0,0,0,0,0,0,0,0,0,0,0,0,0,0,0,0,0,0,0,0,0,2,0,0,0,0
"115",2017-04-30 00:00:00,2017-04-29,"BUCKET_20_24","Saturday",5,1,0,1,1,1,0,0,0,0,1,2,0,0,1,0,0,0,0,0,0,2,0,0,1,0,0,0,0,0,0,0,0,1,0,0,0,0,0,0,0,0,0,0,0,0,0,0,0,0,0,0,0,0,0,0,0,0,0,0,0,0,0,0,0,0,0,0,0,0,0,0,0,0,0,0,1,0,0,1,0,0,1,0,0,0,0,5,0,0,0,0
"116",2017-04-28 00:00:00,2017-04-27,"BUCKET_20_24","Thursday",4,1,1,2,0,0,0,0,0,0,1,1,0,0,0,0,0,0,0,0,0,1,0,1,0,0,0,0,0,0,0,0,0,0,0,0,0,0,0,0,0,0,0,0,0,0,0,0,0,0,0,0,0,0,0,0,0,0,0,0,0,0,0,0,0,0,0,0,0,0,0,0,0,0,0,0,0,0,0,0,0,0,0,0,0,0,1,2,0,1,0,0
"117",2017-05-27 00:00:00,2017-05-26,"BUCKET_20_24","Friday",7,2,1,3,1,1,0,0,0,0,3,0,0,0,1,0,0,0,0,0,0,0,0,1,1,1,0,0,0,0,1,0,0,0,0,0,0,0,0,0,0,0,0,0,0,0,0,0,0,0,1,0,0,0,0,0,0,0,0,0,0,0,0,0,0,0,0,0,0,0,0,0,0,0,0,0,0,1,0,0,1,0,0,0,0,0,0,7,0,0,0,0
"118",2017-05-16 00:00:00,2017-05-15,"BUCKET_20_24","Monday",3,2,1,1,1,1,0,0,0,0,1,0,0,0,1,0,0,0,0,0,0,0,0,0,0,0,1,0,0,0,0,1,0,0,0,0,0,0,0,0,0,0,0,0,0,0,0,0,0,0,0,0,0,0,0,0,0,0,0,1,0,0,0,0,0,0,0,0,0,0,0,0,0,0,0,0,0,1,0,0,1,0,0,0,0,0,0,3,0,0,0,0
"119",2017-05-14 00:00:00,2017-05-13,"BUCKET_20_24","Saturday",6,4,2,2,1,1,0,0,1,0,1,2,0,0,1,0,1,0,0,0,1,1,1,0,0,0,0,0,0,0,1,1,0,0,0,0,0,0,0,0,0,0,0,0,0,0,0,0,0,0,0,0,0,0,0,0,0,0,0,1,0,0,0,0,0,0,0,0,0,0,0,1,0,0,0,0,0,1,0,1,1,0,1,0,0,0,0,6,0,0,0,0
"120",2017-05-23 00:00:00,2017-05-22,"BUCKET_20_24","Monday",2,0,0,2,0,0,0,0,0,0,0,0,0,0,0,0,0,0,0,0,0,0,0,0,0,0,0,0,0,0,0,0,0,0,0,0,0,0,0,0,0,0,0,0,0,0,0,0,0,0,0,0,0,0,0,0,0,0,0,0,0,0,0,0,0,0,0,0,0,0,0,0,0,0,0,0,0,0,0,0,0,0,0,0,0,0,0,1,0,0,0,1
"121",2017-05-20 00:00:00,2017-05-19,"BUCKET_20_24","Friday",4,4,2,1,0,0,0,0,2,0,3,0,0,0,0,1,0,0,0,1,0,0,2,1,0,0,0,0,0,0,1,1,0,0,0,0,0,0,0,0,0,0,0,0,0,0,0,0,0,0,1,0,0,0,0,1,0,0,0,0,0,0,0,0,0,0,0,0,0,0,0,0,0,0,0,0,0,1,0,1,2,0,0,0,0,0,0,4,0,0,0,0
"122",2017-05-18 00:00:00,2017-05-17,"BUCKET_20_24","Wednesday",9,5,2,3,1,0,0,1,2,0,6,0,0,1,0,1,0,0,0,1,0,0,0,4,1,0,1,0,0,0,1,1,0,1,0,0,0,0,0,0,0,0,0,0,0,0,0,0,0,0,0,0,0,0,0,0,0,1,0,0,0,0,0,0,0,0,1,0,0,0,0,1,0,0,0,0,0,0,1,2,1,0,1,0,0,1,0,1,7,1,0,0
"123",2017-05-19 00:00:00,2017-05-18,"BUCKET_20_24","Thursday",8,5,2,1,3,3,0,0,0,0,4,0,0,0,3,0,0,0,0,0,0,0,3,0,1,0,0,0,0,0,2,0,0,1,0,0,0,0,0,0,0,0,0,0,0,0,0,0,0,0,1,0,0,0,0,0,0,0,0,0,0,0,0,0,0,0,1,0,0,0,0,1,0,0,0,0,0,1,0,2,1,0,1,0,0,1,2,6,0,0,0,0
"124",2017-05-17 00:00:00,2017-05-16,"BUCKET_20_24","Tuesday",5,3,2,1,1,0,0,1,0,0,2,2,0,1,0,0,0,0,0,0,0,2,1,0,0,0,1,0,0,0,0,0,0,1,0,0,0,0,0,0,0,0,0,0,0,0,0,0,0,0,0,0,0,0,0,0,0,0,0,0,0,0,0,0,0,0,1,0,0,0,0,0,0,0,0,0,0,0,0,1,0,0,0,0,0,1,1,4,0,0,0,0
"125",2017-05-02 08:00:00,2017-05-02,"BUCKET_04_08","Tuesday",3,3,0,2,3,1,1,1,0,0,0,0,0,1,1,1,0,0,0,0,0,0,0,0,0,0,0,0,1,0,1,0,0,1,0,0,1,0,0,0,0,0,1,0,0,0,0,0,0,0,0,0,0,0,0,0,0,0,0,0,0,0,0,0,0,0,0,0,0,0,0,0,1,0,0,0,0,1,0,2,0,0,2,0,0,1,0,3,0,0,0,0
"126",2017-04-30 08:00:00,2017-04-30,"BUCKET_04_08","Sunday",3,4,0,0,4,1,1,2,0,0,1,1,0,2,1,1,0,0,0,0,0,1,1,0,0,0,0,0,1,0,1,0,0,2,0,0,1,0,0,0,0,0,1,0,0,0,0,0,0,0,0,0,0,0,0,0,0,0,0,0,0,0,0,0,0,0,0,0,0,0,0,0,1,0,0,0,1,1,0,3,0,0,1,1,1,1,0,2,0,1,0,0
"127",2017-05-03 08:00:00,2017-05-03,"BUCKET_04_08","Wednesday",5,4,0,2,4,2,2,0,0,0,1,0,0,0,2,0,0,2,0,0,0,0,0,1,0,0,0,0,2,0,1,0,0,1,0,0,1,1,0,0,0,0,1,0,0,0,0,0,0,0,0,0,0,0,0,0,0,0,0,0,0,0,0,0,0,0,0,0,0,0,0,0,1,0,0,0,0,1,0,3,1,0,2,0,0,1,0,2,2,1,0,0
"128",2017-05-01 08:00:00,2017-05-01,"BUCKET_04_08","Monday",5,4,0,2,3,2,0,1,0,1,1,0,1,1,2,0,0,0,0,0,0,0,1,0,0,0,0,0,2,0,1,0,0,1,0,0,1,1,0,0,0,0,0,0,0,0,0,0,0,0,0,0,0,0,0,0,0,0,0,0,0,0,0,0,0,0,0,0,0,0,0,0,1,0,1,0,0,2,0,2,1,0,2,0,0,1,0,1,4,0,0,0
"129",2017-04-26 08:00:00,2017-04-26,"BUCKET_04_08","Wednesday",1,3,0,0,3,0,3,0,0,0,1,0,0,0,0,1,0,1,1,0,0,0,1,0,0,0,0,0,2,0,0,0,0,1,0,0,1,1,0,0,0,0,0,0,0,0,0,0,0,0,0,0,0,0,0,0,0,0,0,0,0,0,0,0,0,0,0,0,0,0,0,0,1,0,0,0,0,1,0,2,1,0,1,0,0,1,1,0,0,0,0,0
"130",2017-05-05 08:00:00,2017-05-05,"BUCKET_04_08","Friday",4,5,0,1,5,2,2,1,0,0,1,0,0,1,2,2,0,0,0,0,0,0,0,0,1,0,0,0,2,0,1,0,0,2,0,0,1,1,0,0,0,0,1,0,0,0,0,0,0,0,0,0,0,0,0,0,0,0,0,0,0,0,0,0,0,0,0,0,0,0,0,0,1,0,0,0,1,1,0,4,1,0,1,1,1,1,0,4,0,0,0,0
"131",2017-04-27 08:00:00,2017-04-27,"BUCKET_04_08","Thursday",5,5,0,2,5,1,3,1,0,0,2,0,0,1,1,2,0,1,0,0,0,0,2,0,0,0,0,0,1,0,2,0,0,2,0,0,1,0,0,0,0,0,1,0,0,0,0,0,0,0,0,0,0,0,0,0,0,0,0,0,0,0,0,0,0,0,0,0,0,0,0,0,1,0,1,0,1,2,0,3,0,0,3,1,0,1,0,3,2,0,0,0
"132",2017-05-06 08:00:00,2017-05-06,"BUCKET_04_08","Saturday",8,5,0,1,5,3,2,0,0,0,3,1,0,0,3,1,0,1,0,0,0,1,1,0,1,0,1,0,1,0,2,0,0,2,0,0,1,0,0,0,0,0,1,0,0,0,0,0,0,0,0,0,0,0,0,0,0,0,0,0,0,0,0,0,0,0,0,0,0,0,0,0,1,0,1,0,1,2,0,3,0,0,2,1,1,1,3,5,0,0,0,0
"133",2017-05-04 08:00:00,2017-05-04,"BUCKET_04_08","Thursday",5,5,0,0,5,3,2,0,0,0,2,0,0,0,3,1,0,1,0,0,0,0,0,0,1,1,0,0,1,0,2,0,0,2,0,0,1,0,0,0,0,0,1,0,0,0,0,0,0,0,0,0,0,0,0,0,0,0,0,0,0,0,0,0,0,0,0,0,0,0,0,0,1,0,1,0,1,2,0,3,0,0,3,1,0,1,0,5,0,0,0,0
"134",2017-05-13 08:00:00,2017-05-13,"BUCKET_04_08","Saturday",4,7,2,2,4,1,2,1,1,0,1,0,0,1,1,1,1,0,0,1,0,0,0,0,0,0,1,0,1,0,2,0,0,2,0,0,1,0,0,0,0,0,1,0,0,0,0,0,0,0,0,0,0,0,0,0,0,0,0,0,0,0,0,0,0,0,0,0,0,0,0,0,1,0,1,0,1,2,0,3,0,0,2,1,1,1,1,3,0,0,0,0
"135",2017-05-22 08:00:00,2017-05-22,"BUCKET_04_08","Monday",2,3,0,1,3,1,2,0,0,0,0,0,0,0,1,1,1,0,0,0,0,0,0,0,0,0,0,0,1,0,1,0,0,1,0,0,0,1,0,0,0,0,0,0,0,0,0,0,0,0,0,0,0,0,0,0,0,0,0,0,0,0,0,0,0,0,0,0,0,0,0,0,1,0,1,0,0,1,0,2,1,0,2,0,0,0,0,1,1,0,0,0
"136",2017-05-20 08:00:00,2017-05-20,"BUCKET_04_08","Saturday",5,3,0,3,3,1,2,0,0,0,1,0,0,0,1,2,0,0,0,0,0,0,1,0,0,0,0,0,0,0,2,0,0,1,0,0,0,0,0,0,0,0,1,0,0,0,0,0,0,0,0,0,0,0,0,0,0,0,0,0,0,0,0,0,0,0,0,0,0,0,0,0,0,0,1,0,1,1,0,2,0,0,2,1,0,0,0,4,1,0,0,0
"137",2017-04-28 08:00:00,2017-04-28,"BUCKET_04_08","Friday",4,5,0,2,4,1,2,1,1,0,1,0,0,1,1,0,2,0,0,1,0,0,1,0,0,0,0,0,2,0,1,0,0,2,0,0,1,1,0,0,0,0,1,0,0,0,0,0,0,0,0,0,0,0,0,0,0,0,0,0,0,0,0,0,0,0,0,0,0,0,0,0,1,0,0,0,1,1,0,4,1,0,1,1,1,1,0,2,2,0,0,0
"138",2017-05-07 08:00:00,2017-05-07,"BUCKET_04_08","Sunday",8,6,2,3,4,3,1,0,0,0,1,1,0,0,3,0,0,1,0,0,0,1,0,0,0,1,0,0,1,0,1,0,0,2,0,0,1,0,0,0,0,0,1,0,0,0,0,0,0,0,0,0,0,0,0,0,0,0,0,0,0,0,0,0,0,0,0,0,0,0,0,0,1,0,0,0,1,1,0,3,0,0,1,1,1,1,0,7,1,0,0,0
"139",2017-05-16 08:00:00,2017-05-16,"BUCKET_04_08","Tuesday",3,3,0,1,3,1,1,1,0,0,0,1,0,1,1,1,0,0,0,0,0,1,0,0,0,0,0,0,1,0,1,0,0,1,0,0,1,0,0,0,0,0,1,0,0,0,0,0,0,0,0,0,0,0,0,0,0,0,0,0,0,0,0,0,0,0,0,0,0,0,0,0,1,0,0,0,0,1,0,2,0,0,2,0,0,1,0,3,0,0,0,0
"140",2017-05-14 08:00:00,2017-05-14,"BUCKET_04_08","Sunday",3,4,1,0,3,1,2,0,0,0,2,0,0,0,1,1,1,0,0,0,0,0,1,1,0,0,0,0,1,0,1,0,0,1,0,0,1,0,0,0,0,0,1,0,0,0,0,0,0,0,0,0,0,0,0,0,0,0,0,0,0,0,0,0,0,0,0,0,0,0,0,0,0,0,0,0,1,1,0,2,0,0,1,1,0,1,1,2,0,0,0,0
"141",2017-05-23 08:00:00,2017-05-23,"BUCKET_04_08","Tuesday",2,2,1,1,1,1,0,0,0,0,0,0,0,0,1,0,0,0,0,0,0,0,0,0,0,0,0,0,0,0,0,0,0,1,0,0,0,0,0,0,0,0,0,0,0,0,0,0,0,0,0,0,0,0,0,0,0,0,0,0,0,0,0,0,0,0,0,0,0,0,0,0,1,0,0,0,0,0,0,1,0,0,1,0,0,0,0,2,0,0,0,0
"142",2017-05-21 08:00:00,2017-05-21,"BUCKET_04_08","Sunday",2,2,0,1,2,0,0,2,0,0,1,0,0,2,0,0,0,0,0,0,0,0,1,0,0,0,0,0,0,0,1,0,0,1,0,0,0,0,0,0,0,0,1,0,0,0,0,0,0,0,0,0,0,0,0,0,0,0,0,0,0,0,0,0,0,0,0,0,0,0,0,0,0,0,0,0,1,0,0,2,0,0,1,1,0,0,1,1,0,0,0,0
"143",2017-04-29 08:00:00,2017-04-29,"BUCKET_04_08","Saturday",10,5,0,1,4,2,2,0,1,0,7,0,0,0,2,2,0,0,0,1,0,0,6,0,0,0,1,0,1,0,2,0,0,2,0,0,1,0,0,0,0,0,1,0,0,0,0,0,0,0,0,0,0,0,0,0,0,0,0,0,0,0,0,0,0,0,0,0,0,0,0,0,1,0,1,0,1,2,0,3,0,0,2,1,1,1,0,10,0,0,0,0
"144",2017-05-08 08:00:00,2017-05-08,"BUCKET_04_08","Monday",2,4,1,2,2,0,1,1,0,1,0,0,1,1,0,0,1,0,0,0,0,0,0,0,0,0,0,0,2,0,0,0,0,1,0,0,1,1,0,0,0,0,0,0,0,0,0,0,0,0,0,0,0,0,0,0,0,0,0,0,0,0,0,0,0,0,0,0,0,0,0,0,1,0,0,0,0,1,0,2,1,0,1,0,0,1,0,0,2,0,0,0
"145",2017-05-17 08:00:00,2017-05-17,"BUCKET_04_08","Wednesday",4,4,0,0,4,2,2,0,0,0,2,0,0,0,2,2,0,0,0,0,0,0,1,0,0,0,1,0,2,0,1,0,0,1,0,0,1,1,0,0,0,0,1,0,0,0,0,0,0,0,0,0,0,0,0,0,0,0,0,0,0,0,0,0,0,0,0,0,0,0,0,0,1,0,0,0,0,1,0,3,1,0,2,0,0,1,0,1,2,1,0,0
"146",2017-05-15 08:00:00,2017-05-15,"BUCKET_04_08","Monday",4,4,1,3,2,1,0,1,0,1,0,0,1,1,1,0,0,0,0,0,0,0,0,0,0,0,0,0,2,0,0,0,0,1,0,0,1,1,0,0,0,0,0,0,0,0,0,0,0,0,0,0,0,0,0,0,0,0,0,0,0,0,0,0,0,0,0,0,0,0,0,0,1,0,0,0,0,1,0,2,1,0,1,0,0,1,0,3,1,0,0,0
"147",2017-05-24 08:00:00,2017-05-24,"BUCKET_04_08","Wednesday",2,3,0,1,3,0,3,0,0,0,1,0,0,0,0,2,0,1,0,0,0,0,0,0,0,0,1,0,1,0,1,0,0,1,0,0,0,1,0,0,0,0,1,0,0,0,0,0,0,0,0,0,0,0,0,0,0,0,0,0,0,0,0,0,0,0,0,0,0,0,0,0,1,0,0,0,0,0,0,3,1,0,2,0,0,0,0,2,0,0,0,0
"148",2017-05-10 08:00:00,2017-05-10,"BUCKET_04_08","Wednesday",3,5,1,0,4,2,2,0,0,0,1,0,0,0,2,2,0,0,0,0,0,0,0,0,0,0,1,0,2,0,1,0,0,1,0,0,1,1,0,0,0,0,1,0,0,0,0,0,0,0,0,0,0,0,0,0,0,0,0,0,0,0,0,0,0,0,0,0,0,0,0,0,1,0,0,0,0,1,0,3,1,0,2,0,0,1,1,0,1,1,0,0
"149",2017-05-11 08:00:00,2017-05-11,"BUCKET_04_08","Thursday",3,6,1,0,5,3,2,0,0,0,0,0,0,0,3,1,0,1,0,0,0,0,0,0,0,0,0,0,1,0,2,0,0,2,0,0,1,0,0,0,0,0,1,0,0,0,0,0,0,0,0,0,0,0,0,0,0,0,0,0,0,0,0,0,0,0,0,0,0,0,0,0,1,0,1,0,1,2,0,3,0,0,3,1,0,1,0,3,0,0,0,0
"150",2017-05-09 08:00:00,2017-05-09,"BUCKET_04_08","Tuesday",4,3,0,2,3,2,1,0,0,0,0,0,0,0,2,1,0,0,0,0,0,0,0,0,0,0,0,0,1,0,1,0,0,1,0,0,1,0,0,0,0,0,1,0,0,0,0,0,0,0,0,0,0,0,0,0,0,0,0,0,0,0,0,0,0,0,0,0,0,0,0,0,1,0,0,0,0,1,0,2,0,0,2,0,0,1,0,3,1,0,0,0
"151",2017-05-18 08:00:00,2017-05-18,"BUCKET_04_08","Thursday",6,6,1,1,5,3,1,1,0,0,0,2,0,1,3,0,1,0,0,0,0,2,0,0,0,0,0,0,1,0,2,0,0,2,0,0,1,0,0,0,0,0,1,0,0,0,0,0,0,0,0,0,0,0,0,0,0,0,0,0,0,0,0,0,0,0,0,0,0,0,0,0,1,0,1,0,1,2,0,3,0,0,3,1,0,1,0,5,1,0,0,0
"152",2017-05-25 08:00:00,2017-05-25,"BUCKET_04_08","Thursday",6,5,0,1,5,3,2,0,0,0,1,1,0,0,3,2,0,0,0,0,0,1,0,1,0,0,0,0,1,0,2,0,0,2,0,0,1,0,0,0,0,0,1,0,0,0,0,0,0,0,0,0,0,0,0,0,0,0,0,0,0,0,0,0,0,0,0,0,0,0,0,0,1,0,1,0,1,2,0,3,0,0,3,1,0,1,0,3,2,1,0,0
"153",2017-05-12 08:00:00,2017-05-12,"BUCKET_04_08","Friday",7,5,0,2,5,3,2,0,0,0,2,0,0,0,3,1,0,1,0,0,0,0,1,0,1,0,0,0,2,0,1,0,0,2,0,0,1,1,0,0,0,0,1,0,0,0,0,0,0,0,0,0,0,0,0,0,0,0,0,0,0,0,0,0,0,0,0,0,0,0,0,0,1,0,0,0,1,1,0,4,1,0,1,1,1,1,0,5,1,1,0,0
"154",2017-05-19 08:00:00,2017-05-19,"BUCKET_04_08","Friday",4,5,0,2,4,1,3,0,1,0,0,1,0,0,1,2,1,0,0,1,0,1,0,0,0,0,0,0,2,0,1,0,0,2,0,0,1,1,0,0,0,0,1,0,0,0,0,0,0,0,0,0,0,0,0,0,0,0,0,0,0,0,0,0,0,0,0,0,0,0,0,0,1,0,0,0,1,1,0,4,1,0,1,1,1,1,1,3,0,0,0,0
"155",2017-05-26 08:00:00,2017-05-26,"BUCKET_04_08","Friday",4,7,1,1,5,1,3,1,0,1,2,0,1,1,1,1,0,1,1,0,0,0,1,0,1,0,0,0,2,0,1,1,0,2,0,0,1,1,0,0,0,0,1,0,0,0,0,0,0,0,0,0,0,0,0,0,0,0,0,0,0,0,0,1,0,0,0,0,0,0,0,0,1,0,0,0,1,1,0,5,2,0,1,1,1,1,0,4,0,0,0,0
"156",2017-05-02 12:00:00,2017-05-02,"BUCKET_08_12","Tuesday",7,5,1,2,4,3,1,0,0,0,1,1,0,0,3,1,0,0,0,0,0,1,1,0,0,0,0,0,1,0,2,0,0,1,0,0,0,0,0,1,0,0,0,1,0,0,1,0,0,0,0,0,0,0,0,0,0,0,0,0,0,0,0,0,0,0,0,0,0,0,0,1,0,0,0,0,0,0,0,4,1,0,1,2,0,0,1,6,0,0,0,0
"157",2017-05-03 12:00:00,2017-05-03,"BUCKET_08_12","Wednesday",6,8,4,0,3,3,0,0,1,0,0,3,0,0,3,0,0,0,1,0,0,3,0,0,0,0,0,0,1,0,2,0,0,1,0,1,0,0,0,0,0,0,0,1,0,0,1,0,0,0,0,0,0,0,0,0,0,0,0,0,0,0,0,0,0,0,0,0,0,0,0,1,0,0,0,0,0,1,0,3,1,0,1,2,0,0,2,4,0,0,0,0
"158",2017-04-26 12:00:00,2017-04-26,"BUCKET_08_12","Wednesday",5,5,1,1,4,1,3,0,0,0,2,1,0,0,1,3,0,0,0,0,1,0,1,1,0,0,0,0,0,0,3,0,0,1,0,0,0,0,0,0,0,0,1,1,0,0,1,0,0,0,0,0,0,0,0,0,0,0,0,0,0,0,0,0,0,0,0,0,0,0,0,1,0,0,0,0,0,0,0,4,0,0,2,2,0,0,0,5,0,0,0,0
"159",2017-04-27 12:00:00,2017-04-27,"BUCKET_08_12","Thursday",6,7,3,1,4,1,3,0,0,0,3,1,0,0,1,1,2,0,0,0,0,1,2,1,0,0,0,0,1,0,1,1,0,1,0,1,0,0,0,0,0,0,0,1,0,0,1,0,0,0,0,0,0,0,0,0,0,0,0,0,1,0,0,0,0,0,0,0,0,0,0,0,0,0,0,0,0,1,0,3,2,0,1,1,0,0,0,6,0,0,0,0
"160",2017-05-04 12:00:00,2017-05-04,"BUCKET_08_12","Thursday",7,8,4,3,4,3,0,1,0,0,1,0,1,0,3,0,0,0,0,0,0,0,1,0,0,0,0,0,0,0,2,1,0,1,0,0,0,0,0,0,0,0,0,1,0,0,1,0,0,0,0,0,0,0,0,0,0,0,0,0,1,0,0,0,0,0,0,0,0,0,0,1,0,0,0,0,0,0,0,4,1,0,1,2,0,0,0,7,0,0,0,0
"161",2017-05-13 12:00:00,2017-05-13,"BUCKET_08_12","Saturday",3,6,2,0,4,1,3,0,0,0,2,0,0,0,1,2,1,0,0,0,0,0,1,0,1,0,0,0,1,0,2,0,0,1,0,0,0,0,0,1,0,0,0,1,0,0,1,0,0,0,0,0,0,0,0,0,0,0,0,0,0,0,0,0,0,0,0,0,0,0,0,1,0,0,0,0,0,0,0,4,1,0,1,2,0,0,0,2,1,0,0,0
"162",2017-04-30 12:00:00,2017-04-30,"BUCKET_08_12","Sunday",5,4,3,2,1,0,0,1,0,0,2,1,0,1,0,0,0,0,0,0,0,1,1,1,0,0,0,0,0,0,1,0,0,0,0,0,0,0,0,0,0,0,0,1,0,0,0,0,0,0,0,0,0,0,0,0,0,0,0,0,0,0,0,0,0,0,0,0,0,0,0,0,0,0,0,0,0,0,0,1,0,0,1,0,0,0,0,3,2,0,0,0
"163",2017-05-20 12:00:00,2017-05-20,"BUCKET_08_12","Saturday",7,8,2,2,5,2,2,1,1,0,3,0,1,0,2,1,1,0,1,0,0,0,2,0,0,0,1,0,2,0,2,1,0,1,0,0,1,0,0,1,0,0,0,1,0,0,1,0,0,0,0,0,0,0,0,0,0,0,0,0,1,0,0,0,0,0,0,0,0,0,0,1,0,0,0,0,0,1,0,5,2,0,1,2,0,1,0,7,0,0,0,0
"164",2017-04-28 12:00:00,2017-04-28,"BUCKET_08_12","Friday",4,6,0,2,6,2,3,1,0,0,0,0,1,0,2,2,1,0,0,0,0,0,0,0,0,0,0,0,1,0,2,2,0,1,0,1,0,0,0,0,0,0,0,1,0,0,1,0,0,0,0,0,0,0,0,0,0,0,0,0,1,0,0,0,0,1,0,0,0,0,0,1,0,0,0,0,0,1,0,5,3,0,1,2,0,0,0,4,0,0,0,0
"165",2017-05-07 12:00:00,2017-05-07,"BUCKET_08_12","Sunday",6,6,4,3,2,0,1,1,0,0,1,2,0,1,0,0,1,0,0,0,0,2,0,1,0,0,0,0,1,0,1,0,0,0,0,1,0,0,0,0,0,0,0,1,0,0,0,0,0,0,0,0,0,0,0,0,0,0,0,0,0,0,0,0,0,0,0,0,0,0,0,0,0,0,0,0,0,1,0,1,1,0,1,0,0,0,0,6,0,0,0,0
"166",2017-05-05 12:00:00,2017-05-05,"BUCKET_08_12","Friday",8,7,3,1,3,3,0,0,1,0,3,1,0,0,3,0,0,0,0,1,0,1,2,0,0,1,0,0,0,0,2,1,0,1,0,0,0,0,0,0,0,0,0,1,0,0,1,0,0,0,0,0,0,0,0,0,0,0,0,0,1,0,0,0,0,0,0,0,0,0,0,1,0,0,0,0,0,0,0,4,1,0,1,2,0,0,0,6,2,0,0,0
"167",2017-05-14 12:00:00,2017-05-14,"BUCKET_08_12","Sunday",5,5,2,2,2,1,1,0,0,1,1,1,1,0,1,0,0,1,0,0,0,1,1,0,0,0,0,0,1,0,1,1,0,0,0,0,0,0,0,1,0,0,0,1,0,0,0,0,0,0,0,0,0,0,0,0,0,0,0,0,1,0,0,0,0,0,0,0,0,0,0,0,0,0,0,0,0,0,0,3,2,0,1,0,0,0,0,5,0,0,0,0
"168",2017-05-01 12:00:00,2017-05-01,"BUCKET_08_12","Monday",2,1,0,0,1,1,0,0,0,0,0,1,0,0,1,0,0,0,0,0,0,1,0,0,0,0,0,0,0,0,0,1,0,0,0,0,0,0,0,0,0,0,0,0,0,0,0,0,0,0,0,0,0,0,0,0,0,0,0,0,0,0,0,0,0,1,0,0,0,0,0,0,0,0,0,0,0,0,0,1,1,0,0,0,0,0,0,2,0,0,0,0
"169",2017-05-21 12:00:00,2017-05-21,"BUCKET_08_12","Sunday",5,7,4,2,2,2,0,0,0,1,1,0,1,0,2,0,0,0,0,0,0,0,0,1,0,0,0,0,1,0,1,1,0,0,0,0,1,0,0,0,0,0,0,1,0,0,0,0,0,0,0,0,0,0,0,0,0,0,1,0,0,0,0,0,0,0,0,0,0,0,0,0,0,0,0,0,0,2,0,1,1,0,1,0,0,1,0,5,0,0,0,0
"170",2017-04-29 12:00:00,2017-04-29,"BUCKET_08_12","Saturday",7,7,3,3,4,2,2,0,0,0,2,0,0,0,2,1,0,1,0,0,0,0,2,0,0,0,0,0,1,0,2,0,0,1,0,1,0,0,0,0,0,0,0,1,0,0,1,0,0,0,0,0,0,0,0,0,0,0,0,0,0,0,0,0,0,0,0,0,0,0,0,1,0,0,0,0,0,1,0,3,1,0,1,2,0,0,0,7,0,0,0,0
"171",2017-05-08 12:00:00,2017-05-08,"BUCKET_08_12","Monday",0,4,2,0,2,0,1,1,0,0,0,0,1,0,0,1,0,0,0,0,0,0,0,0,0,0,0,0,1,0,1,0,0,0,0,1,0,0,0,0,0,0,0,0,0,0,0,0,1,0,0,0,0,0,0,0,0,0,0,0,0,0,0,0,0,0,0,0,0,0,0,0,0,0,0,0,0,1,1,0,2,0,0,0,0,0,0,0,0,0,0,0
"172",2017-05-06 12:00:00,2017-05-06,"BUCKET_08_12","Saturday",8,7,4,3,3,2,0,1,0,0,3,0,0,1,2,0,0,0,0,0,0,0,1,1,1,0,0,0,0,0,2,0,0,1,0,0,0,0,0,0,0,0,0,1,0,0,1,0,0,0,0,0,0,0,0,0,0,0,0,0,0,0,0,0,0,0,0,0,0,0,0,1,0,0,0,0,0,0,0,3,0,0,1,2,0,0,0,8,0,0,0,0
"173",2017-05-15 12:00:00,2017-05-15,"BUCKET_08_12","Monday",2,3,2,2,1,0,0,1,0,0,0,0,1,0,0,0,0,0,0,0,0,0,0,0,0,0,0,0,0,0,1,0,0,0,0,0,0,0,0,0,0,0,0,0,0,0,0,0,1,0,0,0,0,0,0,0,0,0,0,0,0,0,0,0,0,0,0,0,0,0,0,0,0,0,0,0,0,0,1,0,1,0,0,0,0,0,0,1,1,0,0,0
"174",2017-05-24 12:00:00,2017-05-24,"BUCKET_08_12","Wednesday",7,7,3,3,4,1,3,0,0,0,2,1,0,0,1,1,2,0,0,0,0,1,2,0,0,0,0,0,1,0,2,0,0,1,0,0,1,0,0,0,0,0,0,1,0,0,1,0,0,0,0,0,0,0,0,0,0,0,0,0,0,0,0,0,0,0,0,0,0,0,0,1,0,0,0,0,0,1,0,3,0,0,1,2,0,1,1,4,2,0,0,0
"175",2017-05-22 12:00:00,2017-05-22,"BUCKET_08_12","Monday",4,2,0,1,2,1,1,0,0,0,1,1,0,0,1,1,0,0,0,0,0,1,1,0,0,0,0,0,1,0,0,1,0,0,0,0,1,0,0,0,0,0,0,0,0,0,0,0,0,0,0,0,0,0,0,0,0,0,0,0,0,0,0,0,0,1,0,0,0,0,0,0,0,0,0,0,0,1,0,1,1,0,0,0,0,1,0,4,0,0,0,0
"176",2017-05-11 12:00:00,2017-05-11,"BUCKET_08_12","Thursday",7,7,3,3,4,3,1,0,0,0,1,0,0,0,3,1,0,0,0,0,0,0,1,0,0,0,0,0,0,0,2,1,0,1,0,0,0,0,0,0,0,0,0,1,0,0,1,0,0,0,0,0,0,0,0,0,0,0,0,0,1,0,0,0,0,0,0,0,0,0,0,1,0,0,0,0,0,0,0,4,1,0,1,2,0,0,0,1,6,0,0,0
"177",2017-05-09 12:00:00,2017-05-09,"BUCKET_08_12","Tuesday",5,7,1,1,6,2,2,2,0,0,1,1,2,0,2,2,0,0,0,0,0,1,1,0,0,0,0,0,2,0,3,0,0,1,0,1,0,0,0,1,0,0,0,1,1,0,1,0,0,0,0,0,0,0,0,0,0,0,0,0,0,0,0,0,0,0,0,0,0,0,0,1,0,0,0,0,0,1,0,5,3,0,1,2,0,0,1,4,0,0,0,0
"178",2017-05-18 12:00:00,2017-05-18,"BUCKET_08_12","Thursday",5,7,2,3,4,1,1,2,1,0,0,1,0,2,1,0,0,1,0,1,0,1,0,0,0,0,0,0,1,0,2,1,0,1,0,0,0,0,0,1,0,0,0,1,0,0,1,0,0,0,0,0,0,0,0,0,0,0,0,0,1,0,0,0,0,0,0,0,0,0,0,1,0,0,0,0,0,0,0,5,2,0,1,2,0,0,0,5,0,0,0,0
"179",2017-05-16 12:00:00,2017-05-16,"BUCKET_08_12","Tuesday",5,5,1,0,3,2,0,1,1,0,1,2,0,1,2,0,0,0,0,1,0,2,1,0,0,0,0,0,1,0,2,1,0,0,0,0,0,0,0,1,0,0,0,1,0,0,0,0,0,0,0,0,0,0,0,0,0,0,0,0,0,0,0,0,0,1,0,0,0,0,0,1,0,0,0,0,0,0,0,4,2,0,1,1,0,0,1,4,0,0,0,0
"180",2017-05-25 12:00:00,2017-05-25,"BUCKET_08_12","Thursday",2,7,3,0,4,0,3,1,0,0,2,0,0,1,0,1,2,0,0,0,0,0,2,0,0,0,0,0,0,0,2,1,0,1,0,0,0,0,0,0,0,0,0,1,0,0,1,0,0,0,0,0,0,0,0,0,0,0,0,0,1,0,0,0,0,0,0,0,0,0,0,1,0,0,0,0,0,0,0,4,1,0,1,2,0,0,0,1,1,0,0,0
"181",2017-05-23 12:00:00,2017-05-23,"BUCKET_08_12","Tuesday",2,6,4,2,2,0,2,0,0,0,0,0,0,0,0,2,0,0,0,0,0,0,0,0,0,0,0,0,0,0,2,0,0,0,0,0,0,0,0,0,0,0,0,1,0,0,0,0,0,0,0,0,0,0,0,0,0,0,0,0,0,0,0,0,0,0,0,0,0,0,0,1,0,0,0,0,0,0,0,2,0,0,1,1,0,0,0,1,1,0,0,0
"182",2017-05-12 12:00:00,2017-05-12,"BUCKET_08_12","Friday",6,8,2,3,5,2,3,0,1,0,1,0,0,0,2,2,0,1,0,1,0,0,1,0,0,0,0,0,0,0,3,2,0,1,0,0,0,0,0,0,0,0,0,1,1,0,1,0,0,0,0,0,0,0,0,0,0,0,0,0,1,0,0,0,0,1,0,0,0,0,0,1,0,0,0,0,0,0,0,6,3,0,1,2,0,0,0,6,0,0,0,0
"183",2017-05-10 12:00:00,2017-05-10,"BUCKET_08_12","Wednesday",6,8,1,0,6,1,5,0,1,0,4,1,0,0,1,3,2,0,1,0,0,1,2,0,1,0,1,0,1,0,3,2,0,1,0,1,0,0,0,0,0,0,0,1,1,0,1,0,0,0,0,0,0,1,0,0,0,0,0,0,1,0,0,0,0,0,0,0,0,0,0,1,0,0,0,0,0,1,1,5,4,0,1,2,0,0,1,3,1,1,0,0
"184",2017-05-19 12:00:00,2017-05-19,"BUCKET_08_12","Friday",5,6,1,1,4,2,1,1,1,0,2,0,0,1,2,1,0,0,0,1,0,0,2,0,0,0,0,0,0,0,3,1,0,1,0,0,0,0,0,0,0,0,0,1,1,0,1,0,0,0,0,0,0,0,0,0,0,0,0,0,1,0,0,0,0,0,0,0,0,0,0,1,0,0,0,0,0,0,0,5,2,0,1,2,0,0,0,4,0,1,0,0
"185",2017-05-17 12:00:00,2017-05-17,"BUCKET_08_12","Wednesday",4,7,2,0,5,2,3,0,0,0,2,0,0,0,2,1,1,1,0,0,0,0,2,0,0,0,0,0,0,0,2,2,0,1,0,0,0,0,0,0,0,0,0,1,0,0,1,0,0,0,0,0,0,1,0,0,0,0,0,0,1,0,0,0,0,0,0,0,0,0,0,1,0,0,0,0,0,0,1,4,2,0,1,2,0,0,0,3,1,0,0,0
"186",2017-05-26 12:00:00,2017-05-26,"BUCKET_08_12","Friday",4,4,0,1,4,1,3,0,0,0,2,0,0,0,1,2,0,1,0,0,0,0,1,1,0,0,0,0,1,0,2,0,0,1,0,1,0,0,0,0,0,0,0,1,0,0,1,0,0,0,0,0,0,0,0,0,0,0,0,0,0,0,0,0,0,0,0,0,0,0,0,1,0,0,0,0,0,1,0,3,1,0,1,2,0,0,0,4,0,0,0,0
